firm,time,open,high,low,close,dailyreturn,volume,Liquidity,yearReport,lengthReport,TOTALASSETS,LIABILITIES,Currentliabilities,Cashandcashequivalents,Revenue,PAT,SIZE,LEV,ROA,CASHRATIO,RevenueYoY,vnopen,vnhigh,vnlow,vnclose,vnvolume,vngrowth,SentimentLevel,SentimentLevelId,Score,Positive_cnt,Negative_cnt,Neutral_cnt
CMG,2024-09-27 00:00:00.000000 UTC,51.4,51.9,50.8,51.0,-0.0097,457500,29705200.0,2024,3,7696550000000.0,4251330000000.0,3222340000000.0,536522000000.0,2184510000000.0,61050888486.0,12.89,0.5524,0.0079,0.16649999999999998,0.22329999999999997,1295.03,1300.31,1287.21,1290.92,950804402,-0.0004,Trung lập,0,48,0,0,1
CMG,2024-09-27 00:00:00.000000 UTC,51.4,51.9,50.8,51.0,-0.0097,457500,29705200.0,2024,3,7696550000000.0,4251330000000.0,3222340000000.0,536522000000.0,2184510000000.0,61050888486.0,12.89,0.5524,0.0079,0.16649999999999998,0.22329999999999997,1295.03,1300.31,1287.21,1290.92,950804402,-0.0004,Trung lập,0,48,1,0,0
CMG,2024-09-17 00:00:00.000000 UTC,50.2,50.9,50.0,50.9,0.0099,279900,14913360.0,2024,3,7696550000000.0,4251330000000.0,3222340000000.0,536522000000.0,2184510000000.0,61050888486.0,12.89,0.5524,0.0079,0.16649999999999998,0.22329999999999997,1239.99,1258.95,1238.69,1258.95,632194532,0.0159,Sợ hãi,-1,44,0,0,1
CMG,2024-09-12 00:00:00.000000 UTC,51.0,51.1,50.5,50.8,0.0099,231500,19533895.65,2024,3,7696550000000.0,4251330000000.0,3222340000000.0,536522000000.0,2184510000000.0,61050888486.0,12.89,0.5524,0.0079,0.16649999999999998,0.22329999999999997,1253.27,1260.93,1253.27,1256.35,433675900,0.0025,Trung lập,0,45,0,1,0
CMG,2024-08-22 00:00:00.000000 UTC,53.3,55.1,52.9,54.7,0.0399,1602700,38171415.38,2024,3,7696550000000.0,4251330000000.0,3222340000000.0,536522000000.0,2184510000000.0,61050888486.0,12.89,0.5524,0.0079,0.16649999999999998,0.22329999999999997,1284.05,1288.42,1280.42,1282.78,687364524,-0.001,Trung lập,0,46,1,0,0
CMG,2024-08-06 00:00:00.000000 UTC,49.1,50.3,48.4,50.1,0.0298,688100,22333980.6,2024,3,7696550000000.0,4251330000000.0,3222340000000.0,536522000000.0,2184510000000.0,61050888486.0,12.89,0.5524,0.0079,0.16649999999999998,0.22329999999999997,1198.53,1213.35,1186.74,1210.28,688836957,0.0187,Sợ hãi,-1,44,0,1,0
CMG,2024-07-25 00:00:00.000000 UTC,52.6,54.4,52.6,53.4,-0.0202,730510,18422680.42,2024,3,7696550000000.0,4251330000000.0,3222340000000.0,536522000000.0,2184510000000.0,61050888486.0,12.89,0.5524,0.0079,0.16649999999999998,0.22329999999999997,1232.92,1235.67,1226.2,1233.19,484409425,-0.0043,Trung lập,0,50,0,0,1
CMG,2024-07-25 00:00:00.000000 UTC,52.6,54.4,52.6,53.4,-0.0202,730510,18422680.42,2024,3,7696550000000.0,4251330000000.0,3222340000000.0,536522000000.0,2184510000000.0,61050888486.0,12.89,0.5524,0.0079,0.16649999999999998,0.22329999999999997,1232.92,1235.67,1226.2,1233.19,484409425,-0.0043,Trung lập,0,50,1,0,0
CMG,2024-07-25 00:00:00.000000 UTC,52.6,54.4,52.6,53.4,-0.0202,730510,18422680.42,2024,3,7696550000000.0,4251330000000.0,3222340000000.0,536522000000.0,2184510000000.0,61050888486.0,12.89,0.5524,0.0079,0.16649999999999998,0.22329999999999997,1232.92,1235.67,1226.2,1233.19,484409425,-0.0043,Trung lập,0,50,1,0,0
CMG,2024-07-18 00:00:00.000000 UTC,56.2,57.5,56.1,57.2,0.0178,1354351,26655636.09,2024,3,7696550000000.0,4251330000000.0,3222340000000.0,536522000000.0,2184510000000.0,61050888486.0,12.89,0.5524,0.0079,0.16649999999999998,0.22329999999999997,1271.15,1274.67,1256.21,1274.44,739044489,0.0046,Trung lập,0,51,1,0,0
CMG,2024-07-15 00:00:00.000000 UTC,63.8,64.5,61.5,62.1,-0.0266,1590329,37165975.44,2024,3,7696550000000.0,4251330000000.0,3222340000000.0,536522000000.0,2184510000000.0,61050888486.0,12.89,0.5524,0.0079,0.16649999999999998,0.22329999999999997,1281.0,1286.37,1276.27,1279.82,573511101,-0.0007000000000000001,Trung lập,0,54,0,1,0
CMG,2024-07-08 00:00:00.000000 UTC,64.8,65.4,63.5,63.8,-0.0062,1001742,41311299.27,2024,3,7696550000000.0,4251330000000.0,3222340000000.0,536522000000.0,2184510000000.0,61050888486.0,12.89,0.5524,0.0079,0.16649999999999998,0.22329999999999997,1285.79,1287.14,1277.68,1283.56,766898184,0.0004,Trung lập,0,54,1,0,0
CMG,2024-07-05 00:00:00.000000 UTC,65.0,66.1,63.9,64.2,-0.0031,1415652,57692941.25,2024,3,7696550000000.0,4251330000000.0,3222340000000.0,536522000000.0,2184510000000.0,61050888486.0,12.89,0.5524,0.0079,0.16649999999999998,0.22329999999999997,1279.89,1284.98,1276.93,1283.04,616503474,0.0025,Trung lập,0,54,1,0,0
CMG,2024-07-05 00:00:00.000000 UTC,65.0,66.1,63.9,64.2,-0.0031,1415652,57692941.25,2024,3,7696550000000.0,4251330000000.0,3222340000000.0,536522000000.0,2184510000000.0,61050888486.0,12.89,0.5524,0.0079,0.16649999999999998,0.22329999999999997,1279.89,1284.98,1276.93,1283.04,616503474,0.0025,Trung lập,0,54,1,0,0
CMG,2024-07-05 00:00:00.000000 UTC,65.0,66.1,63.9,64.2,-0.0031,1415652,57692941.25,2024,3,7696550000000.0,4251330000000.0,3222340000000.0,536522000000.0,2184510000000.0,61050888486.0,12.89,0.5524,0.0079,0.16649999999999998,0.22329999999999997,1279.89,1284.98,1276.93,1283.04,616503474,0.0025,Trung lập,0,54,1,0,0
CMG,2024-07-04 00:00:00.000000 UTC,63.0,64.4,62.8,64.4,0.0255,1433365,69032062.67,2024,3,7696550000000.0,4251330000000.0,3222340000000.0,536522000000.0,2184510000000.0,61050888486.0,12.89,0.5524,0.0079,0.16649999999999998,0.22329999999999997,1279.12,1283.13,1274.58,1279.89,523462424,0.0024,Trung lập,0,55,1,0,0
CMG,2024-06-18 00:00:00.000000 UTC,68.8,69.4,68.2,68.4,0.0074,1394227,83677134.48,2024,2,7303540000000.0,3862930000000.0,2926820000000.0,474870000000.0,1793660000000.0,83226280864.0,12.86,0.5289,0.011399999999999999,0.16219999999999998,0.011899999999999999,1280.29,1286.52,1278.38,1279.5,805289430,0.0037,,,,1,0,0
CMG,2024-06-17 00:00:00.000000 UTC,70.2,71.0,67.9,67.9,-0.03,3820311,44959663.64,2024,2,7303540000000.0,3862930000000.0,2926820000000.0,474870000000.0,1793660000000.0,83226280864.0,12.86,0.5289,0.011399999999999999,0.16219999999999998,0.011899999999999999,1281.85,1283.1,1272.54,1274.77,900555134,-0.004,,,,1,0,0
CMG,2024-06-12 00:00:00.000000 UTC,68.4,70.5,67.8,69.6,0.0146,2037503,41770206.27,2024,2,7303540000000.0,3862930000000.0,2926820000000.0,474870000000.0,1793660000000.0,83226280864.0,12.86,0.5289,0.011399999999999999,0.16219999999999998,0.011899999999999999,1285.2,1301.35,1281.71,1300.19,895254667,0.0123,Tham lam,1,60,1,0,0
CMG,2024-06-06 00:00:00.000000 UTC,68.4,69.3,67.4,68.4,0.0179,2178517,35621152.0,2024,2,7303540000000.0,3862930000000.0,2926820000000.0,474870000000.0,1793660000000.0,83226280864.0,12.86,0.5289,0.011399999999999999,0.16219999999999998,0.011899999999999999,1288.79,1292.02,1278.4,1283.56,893066672,-0.0006,Tham lam,1,58,0,1,0
CMG,2024-06-06 00:00:00.000000 UTC,68.4,69.3,67.4,68.4,0.0179,2178517,35621152.0,2024,2,7303540000000.0,3862930000000.0,2926820000000.0,474870000000.0,1793660000000.0,83226280864.0,12.86,0.5289,0.011399999999999999,0.16219999999999998,0.011899999999999999,1288.79,1292.02,1278.4,1283.56,893066672,-0.0006,Tham lam,1,58,1,0,0
CMG,2024-06-05 00:00:00.000000 UTC,69.4,72.0,67.2,67.2,-0.019,2544368,76521130.8,2024,2,7303540000000.0,3862930000000.0,2926820000000.0,474870000000.0,1793660000000.0,83226280864.0,12.86,0.5289,0.011399999999999999,0.16219999999999998,0.011899999999999999,1284.36,1293.93,1284.35,1284.35,925054928,0.0006,Tham lam,1,56,0,1,0
CMG,2024-06-04 00:00:00.000000 UTC,67.5,69.6,67.1,68.5,0.0522,2792742,83096523.0,2024,2,7303540000000.0,3862930000000.0,2926820000000.0,474870000000.0,1793660000000.0,83226280864.0,12.86,0.5289,0.011399999999999999,0.16219999999999998,0.011899999999999999,1286.14,1289.31,1281.98,1283.52,935848681,0.0027,Tham lam,1,57,1,0,0
CMG,2024-06-04 00:00:00.000000 UTC,67.5,69.6,67.1,68.5,0.0522,2792742,83096523.0,2024,2,7303540000000.0,3862930000000.0,2926820000000.0,474870000000.0,1793660000000.0,83226280864.0,12.86,0.5289,0.011399999999999999,0.16219999999999998,0.011899999999999999,1286.14,1289.31,1281.98,1283.52,935848681,0.0027,Tham lam,1,57,1,0,0
CMG,2024-05-16 00:00:00.000000 UTC,63.4,63.7,60.4,60.6,-0.0381,3486211,42540880.34,2024,2,7303540000000.0,3862930000000.0,2926820000000.0,474870000000.0,1793660000000.0,83226280864.0,12.86,0.5289,0.011399999999999999,0.16219999999999998,0.011899999999999999,1264.69,1271.66,1261.19,1268.78,885055936,0.0115,Trung lập,0,46,1,0,0
CMG,2024-05-14 00:00:00.000000 UTC,58.4,62.4,58.4,62.4,0.0685,1474094,26661443.25,2024,2,7303540000000.0,3862930000000.0,2926820000000.0,474870000000.0,1793660000000.0,83226280864.0,12.86,0.5289,0.011399999999999999,0.16219999999999998,0.011899999999999999,1247.49,1252.52,1240.88,1243.28,640493532,0.0025,Trung lập,0,45,1,0,0
CMG,2024-05-10 00:00:00.000000 UTC,59.0,59.2,57.1,58.9,0.0632,3003530,62614465.0,2024,2,7303540000000.0,3862930000000.0,2926820000000.0,474870000000.0,1793660000000.0,83226280864.0,12.86,0.5289,0.011399999999999999,0.16219999999999998,0.011899999999999999,1252.04,1252.5,1237.46,1244.7,669111203,-0.0032,Trung lập,0,47,1,0,0
CMG,2024-05-09 00:00:00.000000 UTC,55.4,55.4,54.2,55.4,0.0695,1356270,12212233.93,2024,2,7303540000000.0,3862930000000.0,2926820000000.0,474870000000.0,1793660000000.0,83226280864.0,12.86,0.5289,0.011399999999999999,0.16219999999999998,0.011899999999999999,1254.12,1256.8,1243.29,1248.64,771552716,-0.0015,Trung lập,0,48,1,0,0
CMG,2024-05-08 00:00:00.000000 UTC,48.45,51.8,47.55,51.8,0.0691,1001969,18827571.12,2024,2,7303540000000.0,3862930000000.0,2926820000000.0,474870000000.0,1793660000000.0,83226280864.0,12.86,0.5289,0.011399999999999999,0.16219999999999998,0.011899999999999999,1243.61,1251.62,1234.76,1250.46,981802972,0.0015,Trung lập,0,45,1,0,0
CMG,2024-04-08 00:00:00.000000 UTC,46.5,49.5,44.0,45.05,-0.0476,1097462,11531429.17,2024,2,7303540000000.0,3862930000000.0,2926820000000.0,474870000000.0,1793660000000.0,83226280864.0,12.86,0.5289,0.011399999999999999,0.16219999999999998,0.011899999999999999,1255.51,1258.4,1246.87,1250.35,876038830,-0.0038,Tham lam,1,64,1,0,0
CMG,2024-04-08 00:00:00.000000 UTC,46.5,49.5,44.0,45.05,-0.0476,1097462,11531429.17,2024,2,7303540000000.0,3862930000000.0,2926820000000.0,474870000000.0,1793660000000.0,83226280864.0,12.86,0.5289,0.011399999999999999,0.16219999999999998,0.011899999999999999,1255.51,1258.4,1246.87,1250.35,876038830,-0.0038,Tham lam,1,64,1,0,0
CMG,2024-03-07 00:00:00.000000 UTC,40.8,40.8,40.15,40.35,-0.0159,114610,3372962.105,2024,1,6922260000000.0,3580660000000.0,2732740000000.0,525856000000.0,1649220000000.0,43478543809.0,12.84,0.5173,0.0063,0.1924,-0.1016,1263.51,1269.88,1260.24,1268.46,1017267325,0.0045000000000000005,Tham lam cực độ,2,75,1,0,0
ELC,2024-09-24 00:00:00.000000 UTC,24.45,24.45,24.25,24.4,0.0062,204800,21873500.0,2024,3,1584670000000.0,716167000000.0,404214000000.0,115330000000.0,177037000000.0,9115863591.0,12.2,0.45189999999999997,0.0058,0.2853,-0.4733,1268.48,1276.99,1266.68,1276.99,817535117,0.0067,Trung lập,0,46,1,0,0
ELC,2024-06-10 00:00:00.000000 UTC,27.75,27.75,27.1,27.2,-0.0037,1661887,73652997.6,2024,2,1562290000000.0,702773000000.0,392658000000.0,144952000000.0,143221000000.0,4185825253.0,12.19,0.4498,0.0027,0.36920000000000003,3.0553,1292.89,1297.39,1287.44,1290.67,858651954,0.0024,Tham lam,1,58,0,0,1
ELC,2024-05-14 00:00:00.000000 UTC,25.45,27.2,25.45,27.2,0.0584,3150517,41115093.64,2024,2,1562290000000.0,702773000000.0,392658000000.0,144952000000.0,143221000000.0,4185825253.0,12.19,0.4498,0.0027,0.36920000000000003,3.0553,1247.49,1252.52,1240.88,1243.28,640493532,0.0025,Trung lập,0,45,1,0,0
ELC,2024-04-16 00:00:00.000000 UTC,21.3,21.45,20.5,21.0,-0.0187,1022017,13616274.3,2024,2,1562290000000.0,702773000000.0,392658000000.0,144952000000.0,143221000000.0,4185825253.0,12.19,0.4498,0.0027,0.36920000000000003,3.0553,1216.65,1222.45,1191.73,1215.68,1355239132,-0.0008,Tham lam,1,56,0,0,1
ELC,2024-04-11 00:00:00.000000 UTC,22.3,22.8,22.2,22.75,0.0066,439116,14728452.29,2024,2,1562290000000.0,702773000000.0,392658000000.0,144952000000.0,143221000000.0,4185825253.0,12.19,0.4498,0.0027,0.36920000000000003,3.0553,1255.46,1262.03,1248.11,1258.2,686819590,-0.0003,Tham lam,1,57,1,0,0
ELC,2024-04-03 00:00:00.000000 UTC,24.4,25.0,24.1,24.3,0.0041,2086161,68006786.22,2024,2,1562290000000.0,702773000000.0,392658000000.0,144952000000.0,143221000000.0,4185825253.0,12.19,0.4498,0.0027,0.36920000000000003,3.0553,1285.26,1288.99,1271.47,1271.47,1077322954,-0.0121,Tham lam cực độ,2,70,0,1,0
ELC,2024-04-02 00:00:00.000000 UTC,24.2,24.3,23.85,24.2,0.0021,1264589,71686377.0,2024,2,1562290000000.0,702773000000.0,392658000000.0,144952000000.0,143221000000.0,4185825253.0,12.19,0.4498,0.0027,0.36920000000000003,3.0553,1275.83,1287.04,1268.48,1287.04,1087683661,0.0043,Tham lam cực độ,2,76,0,1,0
ELC,2024-03-28 00:00:00.000000 UTC,23.95,23.95,23.2,23.3,-0.0127,589792,37946502.93,2024,1,1554670000000.0,707581000000.0,395170000000.0,108154000000.0,107367000000.0,7233556497.0,12.19,0.4551,0.0046999999999999993,0.2737,0.2498,1288.41,1293.9,1285.52,1290.18,1012175340,0.0055000000000000005,Tham lam cực độ,2,71,0,0,1
ELC,2024-03-04 00:00:00.000000 UTC,22.9,22.9,22.3,22.4,-0.0088,811516,22394792.0,2024,1,1554670000000.0,707581000000.0,395170000000.0,108154000000.0,107367000000.0,7233556497.0,12.19,0.4551,0.0046999999999999993,0.2737,0.2498,1258.28,1268.25,1256.54,1261.41,1183086384,0.0025,Tham lam cực độ,2,78,1,0,0
FPT,2024-09-30 00:00:00.000000 UTC,134.2,134.5,133.0,134.5,0.0022,3030500,499939733.3,2024,3,67581600000000.0,32217400000000.0,30969600000000.0,7935630000000.0,15972400000000.0,2088850000000.0,13.83,0.4767,0.030899999999999997,0.2562,0.1606,1290.94,1292.03,1283.92,1287.94,748397879,-0.0023,Trung lập,0,51,0,1,0
FPT,2024-09-27 00:00:00.000000 UTC,134.3,134.4,133.5,134.2,-0.0007,3352800,343759163.6,2024,3,67581600000000.0,32217400000000.0,30969600000000.0,7935630000000.0,15972400000000.0,2088850000000.0,13.83,0.4767,0.030899999999999997,0.2562,0.1606,1295.03,1300.31,1287.21,1290.92,950804402,-0.0004,Trung lập,0,48,1,0,0
FPT,2024-09-27 00:00:00.000000 UTC,134.3,134.4,133.5,134.2,-0.0007,3352800,343759163.6,2024,3,67581600000000.0,32217400000000.0,30969600000000.0,7935630000000.0,15972400000000.0,2088850000000.0,13.83,0.4767,0.030899999999999997,0.2562,0.1606,1295.03,1300.31,1287.21,1290.92,950804402,-0.0004,Trung lập,0,48,1,0,0
FPT,2024-09-26 00:00:00.000000 UTC,135.0,135.0,133.9,134.3,-0.0037,2815600,503242100.0,2024,3,67581600000000.0,32217400000000.0,30969600000000.0,7935630000000.0,15972400000000.0,2088850000000.0,13.83,0.4767,0.030899999999999997,0.2562,0.1606,1290.03,1298.71,1289.15,1291.49,956803250,0.0031,Trung lập,0,47,1,0,0
FPT,2024-09-26 00:00:00.000000 UTC,135.0,135.0,133.9,134.3,-0.0037,2815600,503242100.0,2024,3,67581600000000.0,32217400000000.0,30969600000000.0,7935630000000.0,15972400000000.0,2088850000000.0,13.83,0.4767,0.030899999999999997,0.2562,0.1606,1290.03,1298.71,1289.15,1291.49,956803250,0.0031,Trung lập,0,47,1,0,0
FPT,2024-09-26 00:00:00.000000 UTC,135.0,135.0,133.9,134.3,-0.0037,2815600,503242100.0,2024,3,67581600000000.0,32217400000000.0,30969600000000.0,7935630000000.0,15972400000000.0,2088850000000.0,13.83,0.4767,0.030899999999999997,0.2562,0.1606,1290.03,1298.71,1289.15,1291.49,956803250,0.0031,Trung lập,0,47,1,0,0
FPT,2024-09-26 00:00:00.000000 UTC,135.0,135.0,133.9,134.3,-0.0037,2815600,503242100.0,2024,3,67581600000000.0,32217400000000.0,30969600000000.0,7935630000000.0,15972400000000.0,2088850000000.0,13.83,0.4767,0.030899999999999997,0.2562,0.1606,1290.03,1298.71,1289.15,1291.49,956803250,0.0031,Trung lập,0,47,1,0,0
FPT,2024-09-25 00:00:00.000000 UTC,134.3,134.8,133.6,134.8,0.0022,4479900,270533300.0,2024,3,67581600000000.0,32217400000000.0,30969600000000.0,7935630000000.0,15972400000000.0,2088850000000.0,13.83,0.4767,0.030899999999999997,0.2562,0.1606,1283.04,1288.44,1280.47,1287.48,992827530,0.008199999999999999,Trung lập,0,47,1,0,0
FPT,2024-09-25 00:00:00.000000 UTC,134.3,134.8,133.6,134.8,0.0022,4479900,270533300.0,2024,3,67581600000000.0,32217400000000.0,30969600000000.0,7935630000000.0,15972400000000.0,2088850000000.0,13.83,0.4767,0.030899999999999997,0.2562,0.1606,1283.04,1288.44,1280.47,1287.48,992827530,0.008199999999999999,Trung lập,0,47,1,0,0
FPT,2024-09-25 00:00:00.000000 UTC,134.3,134.8,133.6,134.8,0.0022,4479900,270533300.0,2024,3,67581600000000.0,32217400000000.0,30969600000000.0,7935630000000.0,15972400000000.0,2088850000000.0,13.83,0.4767,0.030899999999999997,0.2562,0.1606,1283.04,1288.44,1280.47,1287.48,992827530,0.008199999999999999,Trung lập,0,47,1,0,0
FPT,2024-09-25 00:00:00.000000 UTC,134.3,134.8,133.6,134.8,0.0022,4479900,270533300.0,2024,3,67581600000000.0,32217400000000.0,30969600000000.0,7935630000000.0,15972400000000.0,2088850000000.0,13.83,0.4767,0.030899999999999997,0.2562,0.1606,1283.04,1288.44,1280.47,1287.48,992827530,0.008199999999999999,Trung lập,0,47,1,0,0
FPT,2024-09-25 00:00:00.000000 UTC,134.3,134.8,133.6,134.8,0.0022,4479900,270533300.0,2024,3,67581600000000.0,32217400000000.0,30969600000000.0,7935630000000.0,15972400000000.0,2088850000000.0,13.83,0.4767,0.030899999999999997,0.2562,0.1606,1283.04,1288.44,1280.47,1287.48,992827530,0.008199999999999999,Trung lập,0,47,1,0,0
FPT,2024-09-24 00:00:00.000000 UTC,134.0,134.7,133.7,134.5,0.0037,2011400,130848320.0,2024,3,67581600000000.0,32217400000000.0,30969600000000.0,7935630000000.0,15972400000000.0,2088850000000.0,13.83,0.4767,0.030899999999999997,0.2562,0.1606,1268.48,1276.99,1266.68,1276.99,817535117,0.0067,Trung lập,0,46,0,0,1
FPT,2024-09-24 00:00:00.000000 UTC,134.0,134.7,133.7,134.5,0.0037,2011400,130848320.0,2024,3,67581600000000.0,32217400000000.0,30969600000000.0,7935630000000.0,15972400000000.0,2088850000000.0,13.83,0.4767,0.030899999999999997,0.2562,0.1606,1268.48,1276.99,1266.68,1276.99,817535117,0.0067,Trung lập,0,46,0,1,0
FPT,2024-09-20 00:00:00.000000 UTC,136.3,137.0,135.0,135.3,0.0007,3719700,464574240.0,2024,3,67581600000000.0,32217400000000.0,30969600000000.0,7935630000000.0,15972400000000.0,2088850000000.0,13.83,0.4767,0.030899999999999997,0.2562,0.1606,1271.27,1283.3,1271.27,1272.04,898259995,0.0006,Sợ hãi,-1,44,1,0,0
FPT,2024-09-20 00:00:00.000000 UTC,136.3,137.0,135.0,135.3,0.0007,3719700,464574240.0,2024,3,67581600000000.0,32217400000000.0,30969600000000.0,7935630000000.0,15972400000000.0,2088850000000.0,13.83,0.4767,0.030899999999999997,0.2562,0.1606,1271.27,1283.3,1271.27,1272.04,898259995,0.0006,Sợ hãi,-1,44,1,0,0
FPT,2024-09-19 00:00:00.000000 UTC,135.0,135.8,134.3,135.2,0.0045,5154300,314823547.8,2024,3,67581600000000.0,32217400000000.0,30969600000000.0,7935630000000.0,15972400000000.0,2088850000000.0,13.83,0.4767,0.030899999999999997,0.2562,0.1606,1268.28,1271.27,1264.82,1271.27,607580549,0.005,Sợ hãi,-1,43,0,0,1
FPT,2024-09-19 00:00:00.000000 UTC,135.0,135.8,134.3,135.2,0.0045,5154300,314823547.8,2024,3,67581600000000.0,32217400000000.0,30969600000000.0,7935630000000.0,15972400000000.0,2088850000000.0,13.83,0.4767,0.030899999999999997,0.2562,0.1606,1268.28,1271.27,1264.82,1271.27,607580549,0.005,Sợ hãi,-1,43,1,0,0
FPT,2024-09-19 00:00:00.000000 UTC,135.0,135.8,134.3,135.2,0.0045,5154300,314823547.8,2024,3,67581600000000.0,32217400000000.0,30969600000000.0,7935630000000.0,15972400000000.0,2088850000000.0,13.83,0.4767,0.030899999999999997,0.2562,0.1606,1268.28,1271.27,1264.82,1271.27,607580549,0.005,Sợ hãi,-1,43,1,0,0
FPT,2024-09-18 00:00:00.000000 UTC,133.4,135.2,132.9,134.6,0.0128,5379600,207277094.1,2024,3,67581600000000.0,32217400000000.0,30969600000000.0,7935630000000.0,15972400000000.0,2088850000000.0,13.83,0.4767,0.030899999999999997,0.2562,0.1606,1258.95,1271.77,1257.93,1264.9,799783535,0.0046999999999999993,Sợ hãi,-1,43,1,0,0
FPT,2024-09-17 00:00:00.000000 UTC,131.2,132.9,131.2,132.9,0.0137,2651400,132183300.0,2024,3,67581600000000.0,32217400000000.0,30969600000000.0,7935630000000.0,15972400000000.0,2088850000000.0,13.83,0.4767,0.030899999999999997,0.2562,0.1606,1239.99,1258.95,1238.69,1258.95,632194532,0.0159,Sợ hãi,-1,44,0,0,1
FPT,2024-09-17 00:00:00.000000 UTC,131.2,132.9,131.2,132.9,0.0137,2651400,132183300.0,2024,3,67581600000000.0,32217400000000.0,30969600000000.0,7935630000000.0,15972400000000.0,2088850000000.0,13.83,0.4767,0.030899999999999997,0.2562,0.1606,1239.99,1258.95,1238.69,1258.95,632194532,0.0159,Sợ hãi,-1,44,1,0,0
FPT,2024-09-17 00:00:00.000000 UTC,131.2,132.9,131.2,132.9,0.0137,2651400,132183300.0,2024,3,67581600000000.0,32217400000000.0,30969600000000.0,7935630000000.0,15972400000000.0,2088850000000.0,13.83,0.4767,0.030899999999999997,0.2562,0.1606,1239.99,1258.95,1238.69,1258.95,632194532,0.0159,Sợ hãi,-1,44,1,0,0
FPT,2024-09-17 00:00:00.000000 UTC,131.2,132.9,131.2,132.9,0.0137,2651400,132183300.0,2024,3,67581600000000.0,32217400000000.0,30969600000000.0,7935630000000.0,15972400000000.0,2088850000000.0,13.83,0.4767,0.030899999999999997,0.2562,0.1606,1239.99,1258.95,1238.69,1258.95,632194532,0.0159,Sợ hãi,-1,44,1,0,0
FPT,2024-09-17 00:00:00.000000 UTC,131.2,132.9,131.2,132.9,0.0137,2651400,132183300.0,2024,3,67581600000000.0,32217400000000.0,30969600000000.0,7935630000000.0,15972400000000.0,2088850000000.0,13.83,0.4767,0.030899999999999997,0.2562,0.1606,1239.99,1258.95,1238.69,1258.95,632194532,0.0159,Sợ hãi,-1,44,1,0,0
FPT,2024-09-10 00:00:00.000000 UTC,131.0,131.0,129.6,130.0,-0.0099,4195100,210459311.1,2024,3,67581600000000.0,32217400000000.0,30969600000000.0,7935630000000.0,15972400000000.0,2088850000000.0,13.83,0.4767,0.030899999999999997,0.2562,0.1606,1270.31,1271.83,1252.22,1255.23,690102153,-0.0098999999999999991,Trung lập,0,45,1,0,0
FPT,2024-09-09 00:00:00.000000 UTC,130.8,131.9,130.1,131.3,-0.0061,2885200,194156515.4,2024,3,67581600000000.0,32217400000000.0,30969600000000.0,7935630000000.0,15972400000000.0,2088850000000.0,13.83,0.4767,0.030899999999999997,0.2562,0.1606,1273.96,1273.96,1262.97,1267.73,497552945,-0.0049,Trung lập,0,46,1,0,0
FPT,2024-09-09 00:00:00.000000 UTC,130.8,131.9,130.1,131.3,-0.0061,2885200,194156515.4,2024,3,67581600000000.0,32217400000000.0,30969600000000.0,7935630000000.0,15972400000000.0,2088850000000.0,13.83,0.4767,0.030899999999999997,0.2562,0.1606,1273.96,1273.96,1262.97,1267.73,497552945,-0.0049,Trung lập,0,46,1,0,0
FPT,2024-09-09 00:00:00.000000 UTC,130.8,131.9,130.1,131.3,-0.0061,2885200,194156515.4,2024,3,67581600000000.0,32217400000000.0,30969600000000.0,7935630000000.0,15972400000000.0,2088850000000.0,13.83,0.4767,0.030899999999999997,0.2562,0.1606,1273.96,1273.96,1262.97,1267.73,497552945,-0.0049,Trung lập,0,46,1,0,0
FPT,2024-09-06 00:00:00.000000 UTC,130.5,132.9,130.3,132.1,0.0115,3821400,318806472.7,2024,3,67581600000000.0,32217400000000.0,30969600000000.0,7935630000000.0,15972400000000.0,2088850000000.0,13.83,0.4767,0.030899999999999997,0.2562,0.1606,1268.22,1274.44,1262.94,1273.96,637094418,0.0045000000000000005,,,,0,0,1
FPT,2024-09-05 00:00:00.000000 UTC,133.0,133.0,129.7,130.6,-0.018,8055600,402121066.7,2024,3,67581600000000.0,32217400000000.0,30969600000000.0,7935630000000.0,15972400000000.0,2088850000000.0,13.83,0.4767,0.030899999999999997,0.2562,0.1606,1276.46,1282.21,1266.05,1268.21,665625986,-0.0059,,,,0,0,1
FPT,2024-09-05 00:00:00.000000 UTC,133.0,133.0,129.7,130.6,-0.018,8055600,402121066.7,2024,3,67581600000000.0,32217400000000.0,30969600000000.0,7935630000000.0,15972400000000.0,2088850000000.0,13.83,0.4767,0.030899999999999997,0.2562,0.1606,1276.46,1282.21,1266.05,1268.21,665625986,-0.0059,,,,1,0,0
FPT,2024-09-04 00:00:00.000000 UTC,133.0,133.0,131.5,133.0,-0.0134,4535200,235247284.2,2024,3,67581600000000.0,32217400000000.0,30969600000000.0,7935630000000.0,15972400000000.0,2088850000000.0,13.83,0.4767,0.030899999999999997,0.2562,0.1606,1273.86,1277.27,1268.43,1275.8,648409343,-0.0063,Trung lập,0,46,0,1,0
FPT,2024-08-29 00:00:00.000000 UTC,132.8,133.8,132.2,133.7,0.003,2092700,225901843.8,2024,3,67581600000000.0,32217400000000.0,30969600000000.0,7935630000000.0,15972400000000.0,2088850000000.0,13.83,0.4767,0.030899999999999997,0.2562,0.1606,1281.05,1288.2,1280.24,1281.47,634088620,0.0,Trung lập,0,47,1,0,0
FPT,2024-08-28 00:00:00.000000 UTC,133.0,134.5,132.9,133.3,0.006,2711500,140841477.3,2024,3,67581600000000.0,32217400000000.0,30969600000000.0,7935630000000.0,15972400000000.0,2088850000000.0,13.83,0.4767,0.030899999999999997,0.2562,0.1606,1283.6,1285.72,1276.9,1281.44,717617522,0.0007000000000000001,Trung lập,0,47,1,0,0
FPT,2024-08-28 00:00:00.000000 UTC,133.0,134.5,132.9,133.3,0.006,2711500,140841477.3,2024,3,67581600000000.0,32217400000000.0,30969600000000.0,7935630000000.0,15972400000000.0,2088850000000.0,13.83,0.4767,0.030899999999999997,0.2562,0.1606,1283.6,1285.72,1276.9,1281.44,717617522,0.0007000000000000001,Trung lập,0,47,1,0,0
FPT,2024-08-27 00:00:00.000000 UTC,131.5,132.6,130.4,132.5,0.0076,2338500,170312225.0,2024,3,67581600000000.0,32217400000000.0,30969600000000.0,7935630000000.0,15972400000000.0,2088850000000.0,13.83,0.4767,0.030899999999999997,0.2562,0.1606,1280.02,1282.92,1274.7,1280.56,660799355,0.0004,Trung lập,0,47,1,0,0
FPT,2024-08-27 00:00:00.000000 UTC,131.5,132.6,130.4,132.5,0.0076,2338500,170312225.0,2024,3,67581600000000.0,32217400000000.0,30969600000000.0,7935630000000.0,15972400000000.0,2088850000000.0,13.83,0.4767,0.030899999999999997,0.2562,0.1606,1280.02,1282.92,1274.7,1280.56,660799355,0.0004,Trung lập,0,47,1,0,0
FPT,2024-08-27 00:00:00.000000 UTC,131.5,132.6,130.4,132.5,0.0076,2338500,170312225.0,2024,3,67581600000000.0,32217400000000.0,30969600000000.0,7935630000000.0,15972400000000.0,2088850000000.0,13.83,0.4767,0.030899999999999997,0.2562,0.1606,1280.02,1282.92,1274.7,1280.56,660799355,0.0004,Trung lập,0,47,1,0,0
FPT,2024-08-27 00:00:00.000000 UTC,131.5,132.6,130.4,132.5,0.0076,2338500,170312225.0,2024,3,67581600000000.0,32217400000000.0,30969600000000.0,7935630000000.0,15972400000000.0,2088850000000.0,13.83,0.4767,0.030899999999999997,0.2562,0.1606,1280.02,1282.92,1274.7,1280.56,660799355,0.0004,Trung lập,0,47,1,0,0
FPT,2024-08-27 00:00:00.000000 UTC,131.5,132.6,130.4,132.5,0.0076,2338500,170312225.0,2024,3,67581600000000.0,32217400000000.0,30969600000000.0,7935630000000.0,15972400000000.0,2088850000000.0,13.83,0.4767,0.030899999999999997,0.2562,0.1606,1280.02,1282.92,1274.7,1280.56,660799355,0.0004,Trung lập,0,47,1,0,0
FPT,2024-08-26 00:00:00.000000 UTC,133.3,133.5,131.5,131.5,-0.012,2590300,312785000.0,2024,3,67581600000000.0,32217400000000.0,30969600000000.0,7935630000000.0,15972400000000.0,2088850000000.0,13.83,0.4767,0.030899999999999997,0.2562,0.1606,1287.89,1290.45,1278.72,1280.02,775470385,-0.0040999999999999995,Trung lập,0,47,1,0,0
FPT,2024-08-26 00:00:00.000000 UTC,133.3,133.5,131.5,131.5,-0.012,2590300,312785000.0,2024,3,67581600000000.0,32217400000000.0,30969600000000.0,7935630000000.0,15972400000000.0,2088850000000.0,13.83,0.4767,0.030899999999999997,0.2562,0.1606,1287.89,1290.45,1278.72,1280.02,775470385,-0.0040999999999999995,Trung lập,0,47,1,0,0
FPT,2024-08-26 00:00:00.000000 UTC,133.3,133.5,131.5,131.5,-0.012,2590300,312785000.0,2024,3,67581600000000.0,32217400000000.0,30969600000000.0,7935630000000.0,15972400000000.0,2088850000000.0,13.83,0.4767,0.030899999999999997,0.2562,0.1606,1287.89,1290.45,1278.72,1280.02,775470385,-0.0040999999999999995,Trung lập,0,47,1,0,0
FPT,2024-08-22 00:00:00.000000 UTC,134.0,134.5,133.5,133.8,0.0022,3020500,255306234.4,2024,3,67581600000000.0,32217400000000.0,30969600000000.0,7935630000000.0,15972400000000.0,2088850000000.0,13.83,0.4767,0.030899999999999997,0.2562,0.1606,1284.05,1288.42,1280.42,1282.78,687364524,-0.001,Trung lập,0,46,1,0,0
FPT,2024-08-21 00:00:00.000000 UTC,130.6,133.8,130.6,133.5,0.0152,6119700,273330055.6,2024,3,67581600000000.0,32217400000000.0,30969600000000.0,7935630000000.0,15972400000000.0,2088850000000.0,13.83,0.4767,0.030899999999999997,0.2562,0.1606,1272.05,1284.05,1268.91,1284.05,836416946,0.0090000000000000011,Sợ hãi,-1,44,1,0,0
FPT,2024-08-21 00:00:00.000000 UTC,130.6,133.8,130.6,133.5,0.0152,6119700,273330055.6,2024,3,67581600000000.0,32217400000000.0,30969600000000.0,7935630000000.0,15972400000000.0,2088850000000.0,13.83,0.4767,0.030899999999999997,0.2562,0.1606,1272.05,1284.05,1268.91,1284.05,836416946,0.0090000000000000011,Sợ hãi,-1,44,1,0,0
FPT,2024-08-21 00:00:00.000000 UTC,130.6,133.8,130.6,133.5,0.0152,6119700,273330055.6,2024,3,67581600000000.0,32217400000000.0,30969600000000.0,7935630000000.0,15972400000000.0,2088850000000.0,13.83,0.4767,0.030899999999999997,0.2562,0.1606,1272.05,1284.05,1268.91,1284.05,836416946,0.0090000000000000011,Sợ hãi,-1,44,1,0,0
FPT,2024-08-20 00:00:00.000000 UTC,130.7,132.5,130.7,131.5,0.0077,3741400,232886571.4,2024,3,67581600000000.0,32217400000000.0,30969600000000.0,7935630000000.0,15972400000000.0,2088850000000.0,13.83,0.4767,0.030899999999999997,0.2562,0.1606,1261.62,1275.95,1261.62,1272.55,810158292,0.0087,Sợ hãi,-1,42,1,0,0
FPT,2024-08-19 00:00:00.000000 UTC,131.1,131.4,130.0,130.5,-0.0008,2498400,350117978.9,2024,3,67581600000000.0,32217400000000.0,30969600000000.0,7935630000000.0,15972400000000.0,2088850000000.0,13.83,0.4767,0.030899999999999997,0.2562,0.1606,1252.23,1263.84,1252.23,1261.62,698632210,0.0075,Sợ hãi,-1,42,1,0,0
FPT,2024-08-16 00:00:00.000000 UTC,129.1,131.0,129.1,130.6,0.0148,5093600,223502400.0,2024,3,67581600000000.0,32217400000000.0,30969600000000.0,7935630000000.0,15972400000000.0,2088850000000.0,13.83,0.4767,0.030899999999999997,0.2562,0.1606,1225.73,1253.24,1225.73,1252.23,965064150,0.023399999999999997,Sợ hãi,-1,42,0,0,1
FPT,2024-08-16 00:00:00.000000 UTC,129.1,131.0,129.1,130.6,0.0148,5093600,223502400.0,2024,3,67581600000000.0,32217400000000.0,30969600000000.0,7935630000000.0,15972400000000.0,2088850000000.0,13.83,0.4767,0.030899999999999997,0.2562,0.1606,1225.73,1253.24,1225.73,1252.23,965064150,0.023399999999999997,Sợ hãi,-1,42,1,0,0
FPT,2024-08-16 00:00:00.000000 UTC,129.1,131.0,129.1,130.6,0.0148,5093600,223502400.0,2024,3,67581600000000.0,32217400000000.0,30969600000000.0,7935630000000.0,15972400000000.0,2088850000000.0,13.83,0.4767,0.030899999999999997,0.2562,0.1606,1225.73,1253.24,1225.73,1252.23,965064150,0.023399999999999997,Sợ hãi,-1,42,1,0,0
FPT,2024-08-15 00:00:00.000000 UTC,129.1,129.5,128.2,128.7,-0.0062,2257600,185327450.0,2024,3,67581600000000.0,32217400000000.0,30969600000000.0,7935630000000.0,15972400000000.0,2088850000000.0,13.83,0.4767,0.030899999999999997,0.2562,0.1606,1230.2,1231.69,1222.28,1223.56,497056231,-0.0055000000000000005,,,,1,0,0
FPT,2024-08-15 00:00:00.000000 UTC,129.1,129.5,128.2,128.7,-0.0062,2257600,185327450.0,2024,3,67581600000000.0,32217400000000.0,30969600000000.0,7935630000000.0,15972400000000.0,2088850000000.0,13.83,0.4767,0.030899999999999997,0.2562,0.1606,1230.2,1231.69,1222.28,1223.56,497056231,-0.0055000000000000005,,,,1,0,0
FPT,2024-08-14 00:00:00.000000 UTC,130.7,131.5,129.5,129.5,-0.0015,2862200,241589831.8,2024,3,67581600000000.0,32217400000000.0,30969600000000.0,7935630000000.0,15972400000000.0,2088850000000.0,13.83,0.4767,0.030899999999999997,0.2562,0.1606,1230.42,1236.51,1228.93,1230.36,507177627,0.0,Sợ hãi,-1,42,1,0,0
FPT,2024-08-13 00:00:00.000000 UTC,129.7,130.2,128.0,129.7,-0.0023,4097900,200963750.0,2024,3,67581600000000.0,32217400000000.0,30969600000000.0,7935630000000.0,15972400000000.0,2088850000000.0,13.83,0.4767,0.030899999999999997,0.2562,0.1606,1229.81,1231.55,1223.01,1230.42,539116428,0.0001,Sợ hãi,-1,41,1,0,0
FPT,2024-08-12 00:00:00.000000 UTC,126.9,130.2,126.2,130.0,0.0244,6183500,142345542.9,2024,3,67581600000000.0,32217400000000.0,30969600000000.0,7935630000000.0,15972400000000.0,2088850000000.0,13.83,0.4767,0.030899999999999997,0.2562,0.1606,1223.64,1231.46,1221.16,1230.28,551151486,0.0054,Sợ hãi,-1,43,1,0,0
FPT,2024-08-09 00:00:00.000000 UTC,122.4,126.9,122.0,126.9,0.0453,5496400,214869906.7,2024,3,67581600000000.0,32217400000000.0,30969600000000.0,7935630000000.0,15972400000000.0,2088850000000.0,13.83,0.4767,0.030899999999999997,0.2562,0.1606,1208.32,1225.02,1208.32,1223.64,586759414,0.0127,Sợ hãi,-1,43,1,0,0
FPT,2024-08-08 00:00:00.000000 UTC,121.6,122.4,120.9,121.4,-0.0049,2654900,191323111.1,2024,3,67581600000000.0,32217400000000.0,30969600000000.0,7935630000000.0,15972400000000.0,2088850000000.0,13.83,0.4767,0.030899999999999997,0.2562,0.1606,1211.83,1219.97,1202.58,1208.32,758833010,-0.0062,Sợ hãi,-1,42,1,0,0
FPT,2024-08-08 00:00:00.000000 UTC,121.6,122.4,120.9,121.4,-0.0049,2654900,191323111.1,2024,3,67581600000000.0,32217400000000.0,30969600000000.0,7935630000000.0,15972400000000.0,2088850000000.0,13.83,0.4767,0.030899999999999997,0.2562,0.1606,1211.83,1219.97,1202.58,1208.32,758833010,-0.0062,Sợ hãi,-1,42,1,0,0
FPT,2024-08-08 00:00:00.000000 UTC,121.6,122.4,120.9,121.4,-0.0049,2654900,191323111.1,2024,3,67581600000000.0,32217400000000.0,30969600000000.0,7935630000000.0,15972400000000.0,2088850000000.0,13.83,0.4767,0.030899999999999997,0.2562,0.1606,1211.83,1219.97,1202.58,1208.32,758833010,-0.0062,Sợ hãi,-1,42,1,0,0
FPT,2024-08-05 00:00:00.000000 UTC,121.1,122.9,117.4,118.6,-0.0373,10415200,322417642.1,2024,3,67581600000000.0,32217400000000.0,30969600000000.0,7935630000000.0,15972400000000.0,2088850000000.0,13.83,0.4767,0.030899999999999997,0.2562,0.1606,1236.6,1236.6,1184.53,1188.07,1038092780,-0.0392,Trung lập,0,46,1,0,0
FPT,2024-08-02 00:00:00.000000 UTC,122.1,124.8,121.0,123.2,-0.0128,9944700,153109542.9,2024,3,67581600000000.0,32217400000000.0,30969600000000.0,7935630000000.0,15972400000000.0,2088850000000.0,13.83,0.4767,0.030899999999999997,0.2562,0.1606,1222.35,1236.6,1209.77,1236.6,696662777,0.0079,Trung lập,0,46,1,0,0
FPT,2024-07-31 00:00:00.000000 UTC,127.3,128.6,126.6,128.6,0.0047,2869200,121538560.0,2024,3,67581600000000.0,32217400000000.0,30969600000000.0,7935630000000.0,15972400000000.0,2088850000000.0,13.83,0.4767,0.030899999999999997,0.2562,0.1606,1246.7,1255.77,1246.3,1251.51,748846724,0.0052,Trung lập,0,47,1,0,0
FPT,2024-07-31 00:00:00.000000 UTC,127.3,128.6,126.6,128.6,0.0047,2869200,121538560.0,2024,3,67581600000000.0,32217400000000.0,30969600000000.0,7935630000000.0,15972400000000.0,2088850000000.0,13.83,0.4767,0.030899999999999997,0.2562,0.1606,1246.7,1255.77,1246.3,1251.51,748846724,0.0052,Trung lập,0,47,1,0,0
FPT,2024-07-29 00:00:00.000000 UTC,130.0,130.6,129.0,129.0,0.0078,4859800,140483555.6,2024,3,67581600000000.0,32217400000000.0,30969600000000.0,7935630000000.0,15972400000000.0,2088850000000.0,13.83,0.4767,0.030899999999999997,0.2562,0.1606,1245.91,1249.68,1243.08,1246.6,496865207,0.0036,Trung lập,0,49,1,0,0
FPT,2024-07-29 00:00:00.000000 UTC,130.0,130.6,129.0,129.0,0.0078,4859800,140483555.6,2024,3,67581600000000.0,32217400000000.0,30969600000000.0,7935630000000.0,15972400000000.0,2088850000000.0,13.83,0.4767,0.030899999999999997,0.2562,0.1606,1245.91,1249.68,1243.08,1246.6,496865207,0.0036,Trung lập,0,49,1,0,0
FPT,2024-07-29 00:00:00.000000 UTC,130.0,130.6,129.0,129.0,0.0078,4859800,140483555.6,2024,3,67581600000000.0,32217400000000.0,30969600000000.0,7935630000000.0,15972400000000.0,2088850000000.0,13.83,0.4767,0.030899999999999997,0.2562,0.1606,1245.91,1249.68,1243.08,1246.6,496865207,0.0036,Trung lập,0,49,1,0,0
FPT,2024-07-29 00:00:00.000000 UTC,130.0,130.6,129.0,129.0,0.0078,4859800,140483555.6,2024,3,67581600000000.0,32217400000000.0,30969600000000.0,7935630000000.0,15972400000000.0,2088850000000.0,13.83,0.4767,0.030899999999999997,0.2562,0.1606,1245.91,1249.68,1243.08,1246.6,496865207,0.0036,Trung lập,0,49,1,0,0
FPT,2024-07-19 00:00:00.000000 UTC,128.6,129.3,126.0,126.0,-0.0149,6581002,384722240.7,2024,3,67581600000000.0,32217400000000.0,30969600000000.0,7935630000000.0,15972400000000.0,2088850000000.0,13.83,0.4767,0.030899999999999997,0.2562,0.1606,1274.44,1279.94,1260.68,1264.78,791804100,-0.0076,Trung lập,0,52,0,1,0
FPT,2024-07-19 00:00:00.000000 UTC,128.6,129.3,126.0,126.0,-0.0149,6581002,384722240.7,2024,3,67581600000000.0,32217400000000.0,30969600000000.0,7935630000000.0,15972400000000.0,2088850000000.0,13.83,0.4767,0.030899999999999997,0.2562,0.1606,1274.44,1279.94,1260.68,1264.78,791804100,-0.0076,Trung lập,0,52,1,0,0
FPT,2024-07-19 00:00:00.000000 UTC,128.6,129.3,126.0,126.0,-0.0149,6581002,384722240.7,2024,3,67581600000000.0,32217400000000.0,30969600000000.0,7935630000000.0,15972400000000.0,2088850000000.0,13.83,0.4767,0.030899999999999997,0.2562,0.1606,1274.44,1279.94,1260.68,1264.78,791804100,-0.0076,Trung lập,0,52,1,0,0
FPT,2024-07-19 00:00:00.000000 UTC,128.6,129.3,126.0,126.0,-0.0149,6581002,384722240.7,2024,3,67581600000000.0,32217400000000.0,30969600000000.0,7935630000000.0,15972400000000.0,2088850000000.0,13.83,0.4767,0.030899999999999997,0.2562,0.1606,1274.44,1279.94,1260.68,1264.78,791804100,-0.0076,Trung lập,0,52,1,0,0
FPT,2024-07-18 00:00:00.000000 UTC,131.4,131.4,127.8,127.9,-0.0303,10828773,219212115.7,2024,3,67581600000000.0,32217400000000.0,30969600000000.0,7935630000000.0,15972400000000.0,2088850000000.0,13.83,0.4767,0.030899999999999997,0.2562,0.1606,1271.15,1274.67,1256.21,1274.44,739044489,0.0046,Trung lập,0,51,1,0,0
FPT,2024-07-18 00:00:00.000000 UTC,131.4,131.4,127.8,127.9,-0.0303,10828773,219212115.7,2024,3,67581600000000.0,32217400000000.0,30969600000000.0,7935630000000.0,15972400000000.0,2088850000000.0,13.83,0.4767,0.030899999999999997,0.2562,0.1606,1271.15,1274.67,1256.21,1274.44,739044489,0.0046,Trung lập,0,51,1,0,0
FPT,2024-07-18 00:00:00.000000 UTC,131.4,131.4,127.8,127.9,-0.0303,10828773,219212115.7,2024,3,67581600000000.0,32217400000000.0,30969600000000.0,7935630000000.0,15972400000000.0,2088850000000.0,13.83,0.4767,0.030899999999999997,0.2562,0.1606,1271.15,1274.67,1256.21,1274.44,739044489,0.0046,Trung lập,0,51,1,0,0
FPT,2024-07-16 00:00:00.000000 UTC,133.6,134.5,132.3,134.0,0.0098,4007693,163217496.7,2024,3,67581600000000.0,32217400000000.0,30969600000000.0,7935630000000.0,15972400000000.0,2088850000000.0,13.83,0.4767,0.030899999999999997,0.2562,0.1606,1280.64,1291.47,1279.37,1281.18,684257163,0.0011,Trung lập,0,54,0,0,1
FPT,2024-07-11 00:00:00.000000 UTC,134.1,135.4,132.5,133.0,-0.0075,6857179,281822993.3,2024,3,67581600000000.0,32217400000000.0,30969600000000.0,7935630000000.0,15972400000000.0,2088850000000.0,13.83,0.4767,0.030899999999999997,0.2562,0.1606,1291.17,1293.32,1283.8,1283.8,697233094,-0.0017000000000000001,Trung lập,0,54,0,0,1
FPT,2024-07-10 00:00:00.000000 UTC,136.0,137.0,134.0,134.0,-0.0255,6309470,403719250.0,2024,3,67581600000000.0,32217400000000.0,30969600000000.0,7935630000000.0,15972400000000.0,2088850000000.0,13.83,0.4767,0.030899999999999997,0.2562,0.1606,1295.78,1297.96,1285.94,1285.94,751002251,-0.006,Trung lập,0,54,1,0,0
FPT,2024-07-09 00:00:00.000000 UTC,139.1,139.3,136.0,137.5,-0.015,9689262,390663620.0,2024,3,67581600000000.0,32217400000000.0,30969600000000.0,7935630000000.0,15972400000000.0,2088850000000.0,13.83,0.4767,0.030899999999999997,0.2562,0.1606,1286.7,1294.15,1283.62,1293.71,821808017,0.0079,Trung lập,0,54,1,0,0
FPT,2024-07-08 00:00:00.000000 UTC,138.5,139.6,137.5,139.6,0.0065,5876745,300815218.4,2024,3,67581600000000.0,32217400000000.0,30969600000000.0,7935630000000.0,15972400000000.0,2088850000000.0,13.83,0.4767,0.030899999999999997,0.2562,0.1606,1285.79,1287.14,1277.68,1283.56,766898184,0.0004,Trung lập,0,54,1,0,0
FPT,2024-07-05 00:00:00.000000 UTC,136.1,139.7,136.1,138.7,0.0214,7807749,298361849.1,2024,3,67581600000000.0,32217400000000.0,30969600000000.0,7935630000000.0,15972400000000.0,2088850000000.0,13.83,0.4767,0.030899999999999997,0.2562,0.1606,1279.89,1284.98,1276.93,1283.04,616503474,0.0025,Trung lập,0,54,1,0,0
FPT,2024-07-04 00:00:00.000000 UTC,132.1,135.8,132.1,135.8,0.0366,8129152,370795257.4,2024,3,67581600000000.0,32217400000000.0,30969600000000.0,7935630000000.0,15972400000000.0,2088850000000.0,13.83,0.4767,0.030899999999999997,0.2562,0.1606,1279.12,1283.13,1274.58,1279.89,523462424,0.0024,Trung lập,0,55,0,1,0
FPT,2024-07-02 00:00:00.000000 UTC,128.6,132.1,127.5,128.0,-0.0047,6735345,432255802.4,2024,3,67581600000000.0,32217400000000.0,30969600000000.0,7935630000000.0,15972400000000.0,2088850000000.0,13.83,0.4767,0.030899999999999997,0.2562,0.1606,1258.96,1270.47,1257.93,1269.79,528470005,0.0121,Tham lam,1,57,1,0,0
FPT,2024-06-28 00:00:00.000000 UTC,132.8,132.8,130.4,130.5,-0.0173,6641381,257938325.3,2024,2,65286200000000.0,32549800000000.0,31353300000000.0,6836260000000.0,15245900000000.0,1875160000000.0,13.81,0.4986,0.0287,0.218,0.2212,1260.77,1262.61,1240.15,1245.32,840428178,-0.0109,Tham lam,1,58,0,0,1
FPT,2024-06-28 00:00:00.000000 UTC,132.8,132.8,130.4,130.5,-0.0173,6641381,257938325.3,2024,2,65286200000000.0,32549800000000.0,31353300000000.0,6836260000000.0,15245900000000.0,1875160000000.0,13.81,0.4986,0.0287,0.218,0.2212,1260.77,1262.61,1240.15,1245.32,840428178,-0.0109,Tham lam,1,58,1,0,0
FPT,2024-06-27 00:00:00.000000 UTC,131.3,134.1,130.8,132.8,0.0076,6409612,393100694.1,2024,2,65286200000000.0,32549800000000.0,31353300000000.0,6836260000000.0,15245900000000.0,1875160000000.0,13.81,0.4986,0.0287,0.218,0.2212,1261.24,1262.49,1255.12,1259.09,596988499,-0.0017000000000000001,Tham lam,1,59,1,0,0
FPT,2024-06-27 00:00:00.000000 UTC,131.3,134.1,130.8,132.8,0.0076,6409612,393100694.1,2024,2,65286200000000.0,32549800000000.0,31353300000000.0,6836260000000.0,15245900000000.0,1875160000000.0,13.81,0.4986,0.0287,0.218,0.2212,1261.24,1262.49,1255.12,1259.09,596988499,-0.0017000000000000001,Tham lam,1,59,1,0,0
FPT,2024-06-25 00:00:00.000000 UTC,131.0,131.1,128.6,130.0,-0.0159,13723703,498295731.0,2024,2,65286200000000.0,32549800000000.0,31353300000000.0,6836260000000.0,15245900000000.0,1875160000000.0,13.81,0.4986,0.0287,0.218,0.2212,1256.11,1260.07,1250.25,1256.56,835303407,0.0019,Tham lam,1,63,0,1,0
FPT,2024-06-24 00:00:00.000000 UTC,135.0,135.5,132.0,132.1,-0.0294,13202385,372492964.9,2024,2,65286200000000.0,32549800000000.0,31353300000000.0,6836260000000.0,15245900000000.0,1875160000000.0,13.81,0.4986,0.0287,0.218,0.2212,1281.19,1284.84,1252.66,1254.12,1247101984,-0.0218,Tham lam,1,63,1,0,0
FPT,2024-06-21 00:00:00.000000 UTC,133.9,136.1,133.3,136.1,0.021,7663338,358287465.6,2024,2,65286200000000.0,32549800000000.0,31353300000000.0,6836260000000.0,15245900000000.0,1875160000000.0,13.81,0.4986,0.0287,0.218,0.2212,1284.99,1288.06,1279.44,1282.02,834751762,-0.0002,,,,0,1,0
FPT,2024-06-20 00:00:00.000000 UTC,133.0,135.7,131.8,133.3,0.0137,10482529,205414156.3,2024,2,65286200000000.0,32549800000000.0,31353300000000.0,6836260000000.0,15245900000000.0,1875160000000.0,13.81,0.4986,0.0287,0.218,0.2212,1280.98,1286.54,1273.54,1282.3,932545131,0.002,,,,1,0,0
FPT,2024-06-19 00:00:00.000000 UTC,128.0,132.8,126.6,131.5,0.0273,9684926,504076272.9,2024,2,65286200000000.0,32549800000000.0,31353300000000.0,6836260000000.0,15245900000000.0,1875160000000.0,13.81,0.4986,0.0287,0.218,0.2212,1279.5,1284.14,1270.66,1279.79,1004875853,0.0002,,,,1,0,0
FPT,2024-06-19 00:00:00.000000 UTC,128.0,132.8,126.6,131.5,0.0273,9684926,504076272.9,2024,2,65286200000000.0,32549800000000.0,31353300000000.0,6836260000000.0,15245900000000.0,1875160000000.0,13.81,0.4986,0.0287,0.218,0.2212,1279.5,1284.14,1270.66,1279.79,1004875853,0.0002,,,,1,0,0
FPT,2024-06-18 00:00:00.000000 UTC,128.8,129.7,128.0,128.0,-0.0062,6694763,217221111.2,2024,2,65286200000000.0,32549800000000.0,31353300000000.0,6836260000000.0,15245900000000.0,1875160000000.0,13.81,0.4986,0.0287,0.218,0.2212,1280.29,1286.52,1278.38,1279.5,805289430,0.0037,,,,0,1,0
FPT,2024-06-18 00:00:00.000000 UTC,128.8,129.7,128.0,128.0,-0.0062,6694763,217221111.2,2024,2,65286200000000.0,32549800000000.0,31353300000000.0,6836260000000.0,15245900000000.0,1875160000000.0,13.81,0.4986,0.0287,0.218,0.2212,1280.29,1286.52,1278.38,1279.5,805289430,0.0037,,,,0,1,0
FPT,2024-06-18 00:00:00.000000 UTC,128.8,129.7,128.0,128.0,-0.0062,6694763,217221111.2,2024,2,65286200000000.0,32549800000000.0,31353300000000.0,6836260000000.0,15245900000000.0,1875160000000.0,13.81,0.4986,0.0287,0.218,0.2212,1280.29,1286.52,1278.38,1279.5,805289430,0.0037,,,,1,0,0
FPT,2024-06-18 00:00:00.000000 UTC,128.8,129.7,128.0,128.0,-0.0062,6694763,217221111.2,2024,2,65286200000000.0,32549800000000.0,31353300000000.0,6836260000000.0,15245900000000.0,1875160000000.0,13.81,0.4986,0.0287,0.218,0.2212,1280.29,1286.52,1278.38,1279.5,805289430,0.0037,,,,1,0,0
FPT,2024-06-18 00:00:00.000000 UTC,128.8,129.7,128.0,128.0,-0.0062,6694763,217221111.2,2024,2,65286200000000.0,32549800000000.0,31353300000000.0,6836260000000.0,15245900000000.0,1875160000000.0,13.81,0.4986,0.0287,0.218,0.2212,1280.29,1286.52,1278.38,1279.5,805289430,0.0037,,,,1,0,0
FPT,2024-06-18 00:00:00.000000 UTC,128.8,129.7,128.0,128.0,-0.0062,6694763,217221111.2,2024,2,65286200000000.0,32549800000000.0,31353300000000.0,6836260000000.0,15245900000000.0,1875160000000.0,13.81,0.4986,0.0287,0.218,0.2212,1280.29,1286.52,1278.38,1279.5,805289430,0.0037,,,,1,0,0
FPT,2024-06-18 00:00:00.000000 UTC,128.8,129.7,128.0,128.0,-0.0062,6694763,217221111.2,2024,2,65286200000000.0,32549800000000.0,31353300000000.0,6836260000000.0,15245900000000.0,1875160000000.0,13.81,0.4986,0.0287,0.218,0.2212,1280.29,1286.52,1278.38,1279.5,805289430,0.0037,,,,1,0,0
FPT,2024-06-18 00:00:00.000000 UTC,128.8,129.7,128.0,128.0,-0.0062,6694763,217221111.2,2024,2,65286200000000.0,32549800000000.0,31353300000000.0,6836260000000.0,15245900000000.0,1875160000000.0,13.81,0.4986,0.0287,0.218,0.2212,1280.29,1286.52,1278.38,1279.5,805289430,0.0037,,,,1,0,0
FPT,2024-06-18 00:00:00.000000 UTC,128.8,129.7,128.0,128.0,-0.0062,6694763,217221111.2,2024,2,65286200000000.0,32549800000000.0,31353300000000.0,6836260000000.0,15245900000000.0,1875160000000.0,13.81,0.4986,0.0287,0.218,0.2212,1280.29,1286.52,1278.38,1279.5,805289430,0.0037,,,,1,0,0
FPT,2024-06-18 00:00:00.000000 UTC,128.8,129.7,128.0,128.0,-0.0062,6694763,217221111.2,2024,2,65286200000000.0,32549800000000.0,31353300000000.0,6836260000000.0,15245900000000.0,1875160000000.0,13.81,0.4986,0.0287,0.218,0.2212,1280.29,1286.52,1278.38,1279.5,805289430,0.0037,,,,1,0,0
FPT,2024-06-17 00:00:00.000000 UTC,131.0,131.4,128.5,128.8,-0.0168,4890848,233806616.7,2024,2,65286200000000.0,32549800000000.0,31353300000000.0,6836260000000.0,15245900000000.0,1875160000000.0,13.81,0.4986,0.0287,0.218,0.2212,1281.85,1283.1,1272.54,1274.77,900555134,-0.004,,,,1,0,0
FPT,2024-06-17 00:00:00.000000 UTC,131.0,131.4,128.5,128.8,-0.0168,4890848,233806616.7,2024,2,65286200000000.0,32549800000000.0,31353300000000.0,6836260000000.0,15245900000000.0,1875160000000.0,13.81,0.4986,0.0287,0.218,0.2212,1281.85,1283.1,1272.54,1274.77,900555134,-0.004,,,,1,0,0
FPT,2024-06-14 00:00:00.000000 UTC,130.1,132.6,129.0,131.0,0.0077,6425220,279416047.4,2024,2,65286200000000.0,32549800000000.0,31353300000000.0,6836260000000.0,15245900000000.0,1875160000000.0,13.81,0.4986,0.0287,0.218,0.2212,1303.37,1305.02,1279.91,1279.91,1110637093,-0.0166,Tham lam,1,62,1,0,0
FPT,2024-06-14 00:00:00.000000 UTC,130.1,132.6,129.0,131.0,0.0077,6425220,279416047.4,2024,2,65286200000000.0,32549800000000.0,31353300000000.0,6836260000000.0,15245900000000.0,1875160000000.0,13.81,0.4986,0.0287,0.218,0.2212,1303.37,1305.02,1279.91,1279.91,1110637093,-0.0166,Tham lam,1,62,1,0,0
FPT,2024-06-14 00:00:00.000000 UTC,130.1,132.6,129.0,131.0,0.0077,6425220,279416047.4,2024,2,65286200000000.0,32549800000000.0,31353300000000.0,6836260000000.0,15245900000000.0,1875160000000.0,13.81,0.4986,0.0287,0.218,0.2212,1303.37,1305.02,1279.91,1279.91,1110637093,-0.0166,Tham lam,1,62,1,0,0
FPT,2024-06-13 00:00:00.000000 UTC,133.7,133.8,130.0,130.0,-0.0152,8167546,302974158.4,2024,2,65286200000000.0,32549800000000.0,31353300000000.0,6836260000000.0,15245900000000.0,1875160000000.0,13.81,0.4986,0.0287,0.218,0.2212,1305.69,1306.01,1297.6,1301.51,891331399,0.001,Tham lam,1,63,1,0,0
FPT,2024-06-12 00:00:00.000000 UTC,127.9,132.7,127.8,132.0,0.0433,11246768,272847523.6,2024,2,65286200000000.0,32549800000000.0,31353300000000.0,6836260000000.0,15245900000000.0,1875160000000.0,13.81,0.4986,0.0287,0.218,0.2212,1285.2,1301.35,1281.71,1300.19,895254667,0.0123,Tham lam,1,60,1,0,0
FPT,2024-06-12 00:00:00.000000 UTC,127.9,132.7,127.8,132.0,0.0433,11246768,272847523.6,2024,2,65286200000000.0,32549800000000.0,31353300000000.0,6836260000000.0,15245900000000.0,1875160000000.0,13.81,0.4986,0.0287,0.218,0.2212,1285.2,1301.35,1281.71,1300.19,895254667,0.0123,Tham lam,1,60,1,0,0
FPT,2024-06-11 00:00:00.000000 UTC,124.62,126.52,123.58,126.52,0.0174,6340276,272129583.9,2024,2,65286200000000.0,32549800000000.0,31353300000000.0,6836260000000.0,15245900000000.0,1875160000000.0,13.81,0.4986,0.0287,0.218,0.2212,1295.04,1296.41,1279.47,1284.41,993342917,-0.0049,Tham lam,1,58,1,0,0
FPT,2024-06-11 00:00:00.000000 UTC,124.62,126.52,123.58,126.52,0.0174,6340276,272129583.9,2024,2,65286200000000.0,32549800000000.0,31353300000000.0,6836260000000.0,15245900000000.0,1875160000000.0,13.81,0.4986,0.0287,0.218,0.2212,1295.04,1296.41,1279.47,1284.41,993342917,-0.0049,Tham lam,1,58,1,0,0
FPT,2024-06-11 00:00:00.000000 UTC,124.62,126.52,123.58,126.52,0.0174,6340276,272129583.9,2024,2,65286200000000.0,32549800000000.0,31353300000000.0,6836260000000.0,15245900000000.0,1875160000000.0,13.81,0.4986,0.0287,0.218,0.2212,1295.04,1296.41,1279.47,1284.41,993342917,-0.0049,Tham lam,1,58,1,0,0
FPT,2024-06-11 00:00:00.000000 UTC,124.62,126.52,123.58,126.52,0.0174,6340276,272129583.9,2024,2,65286200000000.0,32549800000000.0,31353300000000.0,6836260000000.0,15245900000000.0,1875160000000.0,13.81,0.4986,0.0287,0.218,0.2212,1295.04,1296.41,1279.47,1284.41,993342917,-0.0049,Tham lam,1,58,1,0,0
FPT,2024-06-10 00:00:00.000000 UTC,123.93,125.22,123.49,124.36,0.0141,3785656,357658665.4,2024,2,65286200000000.0,32549800000000.0,31353300000000.0,6836260000000.0,15245900000000.0,1875160000000.0,13.81,0.4986,0.0287,0.218,0.2212,1292.89,1297.39,1287.44,1290.67,858651954,0.0024,Tham lam,1,58,1,0,0
FPT,2024-06-10 00:00:00.000000 UTC,123.93,125.22,123.49,124.36,0.0141,3785656,357658665.4,2024,2,65286200000000.0,32549800000000.0,31353300000000.0,6836260000000.0,15245900000000.0,1875160000000.0,13.81,0.4986,0.0287,0.218,0.2212,1292.89,1297.39,1287.44,1290.67,858651954,0.0024,Tham lam,1,58,1,0,0
FPT,2024-06-06 00:00:00.000000 UTC,121.16,122.37,119.87,120.56,-0.0036,5222139,170374891.6,2024,2,65286200000000.0,32549800000000.0,31353300000000.0,6836260000000.0,15245900000000.0,1875160000000.0,13.81,0.4986,0.0287,0.218,0.2212,1288.79,1292.02,1278.4,1283.56,893066672,-0.0006,Tham lam,1,58,0,0,1
FPT,2024-06-05 00:00:00.000000 UTC,120.9,125.14,120.64,120.99,0.0072,6336780,648675479.0,2024,2,65286200000000.0,32549800000000.0,31353300000000.0,6836260000000.0,15245900000000.0,1875160000000.0,13.81,0.4986,0.0287,0.218,0.2212,1284.36,1293.93,1284.35,1284.35,925054928,0.0006,Tham lam,1,56,1,0,0
FPT,2024-06-05 00:00:00.000000 UTC,120.9,125.14,120.64,120.99,0.0072,6336780,648675479.0,2024,2,65286200000000.0,32549800000000.0,31353300000000.0,6836260000000.0,15245900000000.0,1875160000000.0,13.81,0.4986,0.0287,0.218,0.2212,1284.36,1293.93,1284.35,1284.35,925054928,0.0006,Tham lam,1,56,1,0,0
FPT,2024-06-04 00:00:00.000000 UTC,120.04,120.3,119.0,120.13,0.0161,7019713,368038450.8,2024,2,65286200000000.0,32549800000000.0,31353300000000.0,6836260000000.0,15245900000000.0,1875160000000.0,13.81,0.4986,0.0287,0.218,0.2212,1286.14,1289.31,1281.98,1283.52,935848681,0.0027,Tham lam,1,57,1,0,0
FPT,2024-06-04 00:00:00.000000 UTC,120.04,120.3,119.0,120.13,0.0161,7019713,368038450.8,2024,2,65286200000000.0,32549800000000.0,31353300000000.0,6836260000000.0,15245900000000.0,1875160000000.0,13.81,0.4986,0.0287,0.218,0.2212,1286.14,1289.31,1281.98,1283.52,935848681,0.0027,Tham lam,1,57,1,0,0
FPT,2024-06-04 00:00:00.000000 UTC,120.04,120.3,119.0,120.13,0.0161,7019713,368038450.8,2024,2,65286200000000.0,32549800000000.0,31353300000000.0,6836260000000.0,15245900000000.0,1875160000000.0,13.81,0.4986,0.0287,0.218,0.2212,1286.14,1289.31,1281.98,1283.52,935848681,0.0027,Tham lam,1,57,1,0,0
FPT,2024-06-04 00:00:00.000000 UTC,120.04,120.3,119.0,120.13,0.0161,7019713,368038450.8,2024,2,65286200000000.0,32549800000000.0,31353300000000.0,6836260000000.0,15245900000000.0,1875160000000.0,13.81,0.4986,0.0287,0.218,0.2212,1286.14,1289.31,1281.98,1283.52,935848681,0.0027,Tham lam,1,57,1,0,0
FPT,2024-06-03 00:00:00.000000 UTC,116.59,118.83,116.33,118.23,0.0171,7782256,118462293.4,2024,2,65286200000000.0,32549800000000.0,31353300000000.0,6836260000000.0,15245900000000.0,1875160000000.0,13.81,0.4986,0.0287,0.218,0.2212,1272.37,1284.48,1271.65,1280.0,1046924676,0.014499999999999999,Tham lam,1,58,1,0,0
FPT,2024-06-03 00:00:00.000000 UTC,116.59,118.83,116.33,118.23,0.0171,7782256,118462293.4,2024,2,65286200000000.0,32549800000000.0,31353300000000.0,6836260000000.0,15245900000000.0,1875160000000.0,13.81,0.4986,0.0287,0.218,0.2212,1272.37,1284.48,1271.65,1280.0,1046924676,0.014499999999999999,Tham lam,1,58,1,0,0
FPT,2024-05-30 00:00:00.000000 UTC,115.55,116.59,113.91,116.59,-0.0051,7273584,232965548.6,2024,2,65286200000000.0,32549800000000.0,31353300000000.0,6836260000000.0,15245900000000.0,1875160000000.0,13.81,0.4986,0.0287,0.218,0.2212,1267.62,1269.07,1251.8,1266.32,1050581949,-0.005,Trung lập,0,53,1,0,0
FPT,2024-05-29 00:00:00.000000 UTC,118.4,119.35,116.41,117.19,-0.0095,5844515,163106813.9,2024,2,65286200000000.0,32549800000000.0,31353300000000.0,6836260000000.0,15245900000000.0,1875160000000.0,13.81,0.4986,0.0287,0.218,0.2212,1281.73,1285.63,1271.6,1272.64,1072465256,-0.0070999999999999995,Trung lập,0,49,1,0,0
FPT,2024-05-29 00:00:00.000000 UTC,118.4,119.35,116.41,117.19,-0.0095,5844515,163106813.9,2024,2,65286200000000.0,32549800000000.0,31353300000000.0,6836260000000.0,15245900000000.0,1875160000000.0,13.81,0.4986,0.0287,0.218,0.2212,1281.73,1285.63,1271.6,1272.64,1072465256,-0.0070999999999999995,Trung lập,0,49,1,0,0
FPT,2024-05-29 00:00:00.000000 UTC,118.4,119.35,116.41,117.19,-0.0095,5844515,163106813.9,2024,2,65286200000000.0,32549800000000.0,31353300000000.0,6836260000000.0,15245900000000.0,1875160000000.0,13.81,0.4986,0.0287,0.218,0.2212,1281.73,1285.63,1271.6,1272.64,1072465256,-0.0070999999999999995,Trung lập,0,49,1,0,0
FPT,2024-05-28 00:00:00.000000 UTC,115.72,118.31,114.95,118.31,0.0316,4632228,237312098.0,2024,2,65286200000000.0,32549800000000.0,31353300000000.0,6836260000000.0,15245900000000.0,1875160000000.0,13.81,0.4986,0.0287,0.218,0.2212,1272.85,1281.73,1269.37,1281.73,868584327,0.0111,Trung lập,0,54,1,0,0
FPT,2024-05-28 00:00:00.000000 UTC,115.72,118.31,114.95,118.31,0.0316,4632228,237312098.0,2024,2,65286200000000.0,32549800000000.0,31353300000000.0,6836260000000.0,15245900000000.0,1875160000000.0,13.81,0.4986,0.0287,0.218,0.2212,1272.85,1281.73,1269.37,1281.73,868584327,0.0111,Trung lập,0,54,1,0,0
FPT,2024-05-27 00:00:00.000000 UTC,114.86,115.29,112.79,114.69,0.0068,5172903,238837057.9,2024,2,65286200000000.0,32549800000000.0,31353300000000.0,6836260000000.0,15245900000000.0,1875160000000.0,13.81,0.4986,0.0287,0.218,0.2212,1263.46,1267.68,1257.27,1267.68,726703810,0.0046,Trung lập,0,48,0,1,0
FPT,2024-05-24 00:00:00.000000 UTC,119.18,119.18,112.79,113.91,-0.0407,13398023,178869246.2,2024,2,65286200000000.0,32549800000000.0,31353300000000.0,6836260000000.0,15245900000000.0,1875160000000.0,13.81,0.4986,0.0287,0.218,0.2212,1280.77,1285.07,1250.28,1261.93,1367781161,-0.0149,Trung lập,0,51,0,0,1
FPT,2024-05-24 00:00:00.000000 UTC,119.18,119.18,112.79,113.91,-0.0407,13398023,178869246.2,2024,2,65286200000000.0,32549800000000.0,31353300000000.0,6836260000000.0,15245900000000.0,1875160000000.0,13.81,0.4986,0.0287,0.218,0.2212,1280.77,1285.07,1250.28,1261.93,1367781161,-0.0149,Trung lập,0,51,0,1,0
FPT,2024-05-23 00:00:00.000000 UTC,118.74,119.0,116.59,118.74,-0.0037,3630410,173884235.1,2024,2,65286200000000.0,32549800000000.0,31353300000000.0,6836260000000.0,15245900000000.0,1875160000000.0,13.81,0.4986,0.0287,0.218,0.2212,1266.02,1281.03,1262.29,1281.03,968130000,0.0111,Trung lập,0,51,1,0,0
FPT,2024-05-22 00:00:00.000000 UTC,119.09,120.64,117.54,119.18,0.0147,4522916,189130659.4,2024,2,65286200000000.0,32549800000000.0,31353300000000.0,6836260000000.0,15245900000000.0,1875160000000.0,13.81,0.4986,0.0287,0.218,0.2212,1280.47,1283.06,1263.87,1266.91,1139091754,-0.008,Trung lập,0,49,1,0,0
FPT,2024-05-22 00:00:00.000000 UTC,119.09,120.64,117.54,119.18,0.0147,4522916,189130659.4,2024,2,65286200000000.0,32549800000000.0,31353300000000.0,6836260000000.0,15245900000000.0,1875160000000.0,13.81,0.4986,0.0287,0.218,0.2212,1280.47,1283.06,1263.87,1266.91,1139091754,-0.008,Trung lập,0,49,1,0,0
FPT,2024-05-22 00:00:00.000000 UTC,119.09,120.64,117.54,119.18,0.0147,4522916,189130659.4,2024,2,65286200000000.0,32549800000000.0,31353300000000.0,6836260000000.0,15245900000000.0,1875160000000.0,13.81,0.4986,0.0287,0.218,0.2212,1280.47,1283.06,1263.87,1266.91,1139091754,-0.008,Trung lập,0,49,1,0,0
FPT,2024-05-21 00:00:00.000000 UTC,115.72,117.45,115.29,117.45,0.0225,3478265,86607397.22,2024,2,65286200000000.0,32549800000000.0,31353300000000.0,6836260000000.0,15245900000000.0,1875160000000.0,13.81,0.4986,0.0287,0.218,0.2212,1278.44,1281.29,1267.29,1277.14,972159800,-0.0003,Trung lập,0,52,0,0,1
FPT,2024-05-21 00:00:00.000000 UTC,115.72,117.45,115.29,117.45,0.0225,3478265,86607397.22,2024,2,65286200000000.0,32549800000000.0,31353300000000.0,6836260000000.0,15245900000000.0,1875160000000.0,13.81,0.4986,0.0287,0.218,0.2212,1278.44,1281.29,1267.29,1277.14,972159800,-0.0003,Trung lập,0,52,1,0,0
FPT,2024-05-21 00:00:00.000000 UTC,115.72,117.45,115.29,117.45,0.0225,3478265,86607397.22,2024,2,65286200000000.0,32549800000000.0,31353300000000.0,6836260000000.0,15245900000000.0,1875160000000.0,13.81,0.4986,0.0287,0.218,0.2212,1278.44,1281.29,1267.29,1277.14,972159800,-0.0003,Trung lập,0,52,1,0,0
FPT,2024-05-21 00:00:00.000000 UTC,115.72,117.45,115.29,117.45,0.0225,3478265,86607397.22,2024,2,65286200000000.0,32549800000000.0,31353300000000.0,6836260000000.0,15245900000000.0,1875160000000.0,13.81,0.4986,0.0287,0.218,0.2212,1278.44,1281.29,1267.29,1277.14,972159800,-0.0003,Trung lập,0,52,1,0,0
FPT,2024-05-21 00:00:00.000000 UTC,115.72,117.45,115.29,117.45,0.0225,3478265,86607397.22,2024,2,65286200000000.0,32549800000000.0,31353300000000.0,6836260000000.0,15245900000000.0,1875160000000.0,13.81,0.4986,0.0287,0.218,0.2212,1278.44,1281.29,1267.29,1277.14,972159800,-0.0003,Trung lập,0,52,1,0,0
FPT,2024-05-20 00:00:00.000000 UTC,116.76,117.54,114.86,114.86,-0.0111,2020789,135096808.2,2024,2,65286200000000.0,32549800000000.0,31353300000000.0,6836260000000.0,15245900000000.0,1875160000000.0,13.81,0.4986,0.0287,0.218,0.2212,1281.52,1285.19,1277.36,1277.58,1161563296,0.0034999999999999996,Trung lập,0,48,1,0,0
FPT,2024-05-20 00:00:00.000000 UTC,116.76,117.54,114.86,114.86,-0.0111,2020789,135096808.2,2024,2,65286200000000.0,32549800000000.0,31353300000000.0,6836260000000.0,15245900000000.0,1875160000000.0,13.81,0.4986,0.0287,0.218,0.2212,1281.52,1285.19,1277.36,1277.58,1161563296,0.0034999999999999996,Trung lập,0,48,1,0,0
FPT,2024-05-20 00:00:00.000000 UTC,116.76,117.54,114.86,114.86,-0.0111,2020789,135096808.2,2024,2,65286200000000.0,32549800000000.0,31353300000000.0,6836260000000.0,15245900000000.0,1875160000000.0,13.81,0.4986,0.0287,0.218,0.2212,1281.52,1285.19,1277.36,1277.58,1161563296,0.0034999999999999996,Trung lập,0,48,1,0,0
FPT,2024-05-20 00:00:00.000000 UTC,116.76,117.54,114.86,114.86,-0.0111,2020789,135096808.2,2024,2,65286200000000.0,32549800000000.0,31353300000000.0,6836260000000.0,15245900000000.0,1875160000000.0,13.81,0.4986,0.0287,0.218,0.2212,1281.52,1285.19,1277.36,1277.58,1161563296,0.0034999999999999996,Trung lập,0,48,1,0,0
FPT,2024-05-20 00:00:00.000000 UTC,116.76,117.54,114.86,114.86,-0.0111,2020789,135096808.2,2024,2,65286200000000.0,32549800000000.0,31353300000000.0,6836260000000.0,15245900000000.0,1875160000000.0,13.81,0.4986,0.0287,0.218,0.2212,1281.52,1285.19,1277.36,1277.58,1161563296,0.0034999999999999996,Trung lập,0,48,1,0,0
FPT,2024-05-17 00:00:00.000000 UTC,116.93,117.45,115.46,116.15,-0.0067,2314616,136993918.0,2024,2,65286200000000.0,32549800000000.0,31353300000000.0,6836260000000.0,15245900000000.0,1875160000000.0,13.81,0.4986,0.0287,0.218,0.2212,1270.49,1274.27,1266.32,1273.11,937042992,0.0034000000000000002,Trung lập,0,47,0,1,0
FPT,2024-05-17 00:00:00.000000 UTC,116.93,117.45,115.46,116.15,-0.0067,2314616,136993918.0,2024,2,65286200000000.0,32549800000000.0,31353300000000.0,6836260000000.0,15245900000000.0,1875160000000.0,13.81,0.4986,0.0287,0.218,0.2212,1270.49,1274.27,1266.32,1273.11,937042992,0.0034000000000000002,Trung lập,0,47,1,0,0
FPT,2024-05-16 00:00:00.000000 UTC,117.1,118.57,115.9,116.93,0.0097,3128143,153552017.4,2024,2,65286200000000.0,32549800000000.0,31353300000000.0,6836260000000.0,15245900000000.0,1875160000000.0,13.81,0.4986,0.0287,0.218,0.2212,1264.69,1271.66,1261.19,1268.78,885055936,0.0115,Trung lập,0,46,0,0,1
FPT,2024-05-16 00:00:00.000000 UTC,117.1,118.57,115.9,116.93,0.0097,3128143,153552017.4,2024,2,65286200000000.0,32549800000000.0,31353300000000.0,6836260000000.0,15245900000000.0,1875160000000.0,13.81,0.4986,0.0287,0.218,0.2212,1264.69,1271.66,1261.19,1268.78,885055936,0.0115,Trung lập,0,46,1,0,0
FPT,2024-05-15 00:00:00.000000 UTC,113.56,116.15,113.39,115.81,0.0276,3659473,142999704.6,2024,2,65286200000000.0,32549800000000.0,31353300000000.0,6836260000000.0,15245900000000.0,1875160000000.0,13.81,0.4986,0.0287,0.218,0.2212,1243.28,1257.92,1243.28,1254.39,880174065,0.0089,Trung lập,0,46,1,0,0
FPT,2024-05-13 00:00:00.000000 UTC,113.39,113.56,111.23,112.01,-0.0099,1857811,165881601.7,2024,2,65286200000000.0,32549800000000.0,31353300000000.0,6836260000000.0,15245900000000.0,1875160000000.0,13.81,0.4986,0.0287,0.218,0.2212,1244.7,1249.2,1233.56,1240.18,741579440,-0.0036,Trung lập,0,47,1,0,0
FPT,2024-05-09 00:00:00.000000 UTC,112.79,114.69,112.27,112.53,-0.0053,2208946,232757817.8,2024,2,65286200000000.0,32549800000000.0,31353300000000.0,6836260000000.0,15245900000000.0,1875160000000.0,13.81,0.4986,0.0287,0.218,0.2212,1254.12,1256.8,1243.29,1248.64,771552716,-0.0015,Trung lập,0,48,1,0,0
FPT,2024-05-02 00:00:00.000000 UTC,106.91,111.4,106.65,109.94,0.0333,3477702,130683322.5,2024,2,65286200000000.0,32549800000000.0,31353300000000.0,6836260000000.0,15245900000000.0,1875160000000.0,13.81,0.4986,0.0287,0.218,0.2212,1212.13,1216.36,1206.28,1216.36,570363680,0.0056999999999999993,,,,1,0,0
FPT,2024-05-02 00:00:00.000000 UTC,106.91,111.4,106.65,109.94,0.0333,3477702,130683322.5,2024,2,65286200000000.0,32549800000000.0,31353300000000.0,6836260000000.0,15245900000000.0,1875160000000.0,13.81,0.4986,0.0287,0.218,0.2212,1212.13,1216.36,1206.28,1216.36,570363680,0.0056999999999999993,,,,1,0,0
FPT,2024-04-26 00:00:00.000000 UTC,106.22,108.3,105.53,106.4,0.0,3402188,115462453.4,2024,2,65286200000000.0,32549800000000.0,31353300000000.0,6836260000000.0,15245900000000.0,1875160000000.0,13.81,0.4986,0.0287,0.218,0.2212,1199.6,1216.6,1198.73,1209.52,620884392,0.0038,Sợ hãi,-1,42,1,0,0
FPT,2024-04-25 00:00:00.000000 UTC,105.79,110.54,105.27,106.4,0.0258,5718864,177145545.9,2024,2,65286200000000.0,32549800000000.0,31353300000000.0,6836260000000.0,15245900000000.0,1875160000000.0,13.81,0.4986,0.0287,0.218,0.2212,1206.52,1208.41,1200.21,1204.97,569651810,-0.0005,Trung lập,0,47,1,0,0
FPT,2024-04-24 00:00:00.000000 UTC,98.1,103.72,97.76,103.72,0.0695,10179208,133330050.2,2024,2,65286200000000.0,32549800000000.0,31353300000000.0,6836260000000.0,15245900000000.0,1875160000000.0,13.81,0.4986,0.0287,0.218,0.2212,1177.4,1207.61,1177.4,1205.61,820079823,0.024,Sợ hãi,-1,42,0,0,1
FPT,2024-04-24 00:00:00.000000 UTC,98.1,103.72,97.76,103.72,0.0695,10179208,133330050.2,2024,2,65286200000000.0,32549800000000.0,31353300000000.0,6836260000000.0,15245900000000.0,1875160000000.0,13.81,0.4986,0.0287,0.218,0.2212,1177.4,1207.61,1177.4,1205.61,820079823,0.024,Sợ hãi,-1,42,0,0,1
FPT,2024-04-24 00:00:00.000000 UTC,98.1,103.72,97.76,103.72,0.0695,10179208,133330050.2,2024,2,65286200000000.0,32549800000000.0,31353300000000.0,6836260000000.0,15245900000000.0,1875160000000.0,13.81,0.4986,0.0287,0.218,0.2212,1177.4,1207.61,1177.4,1205.61,820079823,0.024,Sợ hãi,-1,42,1,0,0
FPT,2024-04-24 00:00:00.000000 UTC,98.1,103.72,97.76,103.72,0.0695,10179208,133330050.2,2024,2,65286200000000.0,32549800000000.0,31353300000000.0,6836260000000.0,15245900000000.0,1875160000000.0,13.81,0.4986,0.0287,0.218,0.2212,1177.4,1207.61,1177.4,1205.61,820079823,0.024,Sợ hãi,-1,42,1,0,0
FPT,2024-04-24 00:00:00.000000 UTC,98.1,103.72,97.76,103.72,0.0695,10179208,133330050.2,2024,2,65286200000000.0,32549800000000.0,31353300000000.0,6836260000000.0,15245900000000.0,1875160000000.0,13.81,0.4986,0.0287,0.218,0.2212,1177.4,1207.61,1177.4,1205.61,820079823,0.024,Sợ hãi,-1,42,1,0,0
FPT,2024-04-23 00:00:00.000000 UTC,95.77,97.85,94.91,96.98,0.0181,4041971,106007092.1,2024,2,65286200000000.0,32549800000000.0,31353300000000.0,6836260000000.0,15245900000000.0,1875160000000.0,13.81,0.4986,0.0287,0.218,0.2212,1189.98,1192.8,1169.61,1177.4,778311310,-0.0108,,,,0,0,1
FPT,2024-04-23 00:00:00.000000 UTC,95.77,97.85,94.91,96.98,0.0181,4041971,106007092.1,2024,2,65286200000000.0,32549800000000.0,31353300000000.0,6836260000000.0,15245900000000.0,1875160000000.0,13.81,0.4986,0.0287,0.218,0.2212,1189.98,1192.8,1169.61,1177.4,778311310,-0.0108,,,,1,0,0
FPT,2024-04-23 00:00:00.000000 UTC,95.77,97.85,94.91,96.98,0.0181,4041971,106007092.1,2024,2,65286200000000.0,32549800000000.0,31353300000000.0,6836260000000.0,15245900000000.0,1875160000000.0,13.81,0.4986,0.0287,0.218,0.2212,1189.98,1192.8,1169.61,1177.4,778311310,-0.0108,,,,1,0,0
FPT,2024-04-23 00:00:00.000000 UTC,95.77,97.85,94.91,96.98,0.0181,4041971,106007092.1,2024,2,65286200000000.0,32549800000000.0,31353300000000.0,6836260000000.0,15245900000000.0,1875160000000.0,13.81,0.4986,0.0287,0.218,0.2212,1189.98,1192.8,1169.61,1177.4,778311310,-0.0108,,,,1,0,0
FPT,2024-04-22 00:00:00.000000 UTC,95.0,96.21,94.05,95.26,0.012,2403688,266215245.8,2024,2,65286200000000.0,32549800000000.0,31353300000000.0,6836260000000.0,15245900000000.0,1875160000000.0,13.81,0.4986,0.0287,0.218,0.2212,1183.77,1193.88,1181.13,1190.22,708578793,0.0131,Trung lập,0,47,1,0,0
FPT,2024-04-22 00:00:00.000000 UTC,95.0,96.21,94.05,95.26,0.012,2403688,266215245.8,2024,2,65286200000000.0,32549800000000.0,31353300000000.0,6836260000000.0,15245900000000.0,1875160000000.0,13.81,0.4986,0.0287,0.218,0.2212,1183.77,1193.88,1181.13,1190.22,708578793,0.0131,Trung lập,0,47,1,0,0
FPT,2024-04-22 00:00:00.000000 UTC,95.0,96.21,94.05,95.26,0.012,2403688,266215245.8,2024,2,65286200000000.0,32549800000000.0,31353300000000.0,6836260000000.0,15245900000000.0,1875160000000.0,13.81,0.4986,0.0287,0.218,0.2212,1183.77,1193.88,1181.13,1190.22,708578793,0.0131,Trung lập,0,47,1,0,0
FPT,2024-04-19 00:00:00.000000 UTC,95.43,96.03,94.13,94.13,-0.0251,5373515,145906809.1,2024,2,65286200000000.0,32549800000000.0,31353300000000.0,6836260000000.0,15245900000000.0,1875160000000.0,13.81,0.4986,0.0287,0.218,0.2212,1188.47,1190.96,1165.99,1174.85,1070536473,-0.0152,Trung lập,0,49,1,0,0
FPT,2024-04-15 00:00:00.000000 UTC,99.75,99.83,96.29,96.38,-0.0338,3709209,99150632.61,2024,2,65286200000000.0,32549800000000.0,31353300000000.0,6836260000000.0,15245900000000.0,1875160000000.0,13.81,0.4986,0.0287,0.218,0.2212,1276.16,1281.81,1216.61,1216.61,1455862779,-0.047,Tham lam,1,59,0,0,1
FPT,2024-04-15 00:00:00.000000 UTC,99.75,99.83,96.29,96.38,-0.0338,3709209,99150632.61,2024,2,65286200000000.0,32549800000000.0,31353300000000.0,6836260000000.0,15245900000000.0,1875160000000.0,13.81,0.4986,0.0287,0.218,0.2212,1276.16,1281.81,1216.61,1216.61,1455862779,-0.047,Tham lam,1,59,1,0,0
FPT,2024-04-11 00:00:00.000000 UTC,98.02,99.66,97.85,99.23,0.0097,1553032,89127054.55,2024,2,65286200000000.0,32549800000000.0,31353300000000.0,6836260000000.0,15245900000000.0,1875160000000.0,13.81,0.4986,0.0287,0.218,0.2212,1255.46,1262.03,1248.11,1258.2,686819590,-0.0003,Tham lam,1,57,1,0,0
FPT,2024-04-11 00:00:00.000000 UTC,98.02,99.66,97.85,99.23,0.0097,1553032,89127054.55,2024,2,65286200000000.0,32549800000000.0,31353300000000.0,6836260000000.0,15245900000000.0,1875160000000.0,13.81,0.4986,0.0287,0.218,0.2212,1255.46,1262.03,1248.11,1258.2,686819590,-0.0003,Tham lam,1,57,1,0,0
FPT,2024-04-11 00:00:00.000000 UTC,98.02,99.66,97.85,99.23,0.0097,1553032,89127054.55,2024,2,65286200000000.0,32549800000000.0,31353300000000.0,6836260000000.0,15245900000000.0,1875160000000.0,13.81,0.4986,0.0287,0.218,0.2212,1255.46,1262.03,1248.11,1258.2,686819590,-0.0003,Tham lam,1,57,1,0,0
FPT,2024-04-10 00:00:00.000000 UTC,98.02,99.83,97.85,98.28,0.0071,1795600,233838489.3,2024,2,65286200000000.0,32549800000000.0,31353300000000.0,6836260000000.0,15245900000000.0,1875160000000.0,13.81,0.4986,0.0287,0.218,0.2212,1266.52,1268.72,1258.56,1258.56,702274717,-0.0034000000000000002,Tham lam,1,57,0,0,1
FPT,2024-04-10 00:00:00.000000 UTC,98.02,99.83,97.85,98.28,0.0071,1795600,233838489.3,2024,2,65286200000000.0,32549800000000.0,31353300000000.0,6836260000000.0,15245900000000.0,1875160000000.0,13.81,0.4986,0.0287,0.218,0.2212,1266.52,1268.72,1258.56,1258.56,702274717,-0.0034000000000000002,Tham lam,1,57,1,0,0
FPT,2024-04-10 00:00:00.000000 UTC,98.02,99.83,97.85,98.28,0.0071,1795600,233838489.3,2024,2,65286200000000.0,32549800000000.0,31353300000000.0,6836260000000.0,15245900000000.0,1875160000000.0,13.81,0.4986,0.0287,0.218,0.2212,1266.52,1268.72,1258.56,1258.56,702274717,-0.0034000000000000002,Tham lam,1,57,1,0,0
FPT,2024-04-08 00:00:00.000000 UTC,98.19,98.19,97.24,97.24,-0.0097,1957677,149967431.5,2024,2,65286200000000.0,32549800000000.0,31353300000000.0,6836260000000.0,15245900000000.0,1875160000000.0,13.81,0.4986,0.0287,0.218,0.2212,1255.51,1258.4,1246.87,1250.35,876038830,-0.0038,Tham lam,1,64,1,0,0
FPT,2024-04-08 00:00:00.000000 UTC,98.19,98.19,97.24,97.24,-0.0097,1957677,149967431.5,2024,2,65286200000000.0,32549800000000.0,31353300000000.0,6836260000000.0,15245900000000.0,1875160000000.0,13.81,0.4986,0.0287,0.218,0.2212,1255.51,1258.4,1246.87,1250.35,876038830,-0.0038,Tham lam,1,64,1,0,0
FPT,2024-04-04 00:00:00.000000 UTC,99.31,100.0,98.45,98.45,-0.0096,2369065,154897565.6,2024,2,65286200000000.0,32549800000000.0,31353300000000.0,6836260000000.0,15245900000000.0,1875160000000.0,13.81,0.4986,0.0287,0.218,0.2212,1272.91,1277.62,1265.12,1268.25,980907137,-0.0025,Tham lam,1,69,1,0,0
FPT,2024-04-03 00:00:00.000000 UTC,100.26,101.04,99.4,99.4,-0.0162,2555654,167601930.4,2024,2,65286200000000.0,32549800000000.0,31353300000000.0,6836260000000.0,15245900000000.0,1875160000000.0,13.81,0.4986,0.0287,0.218,0.2212,1285.26,1288.99,1271.47,1271.47,1077322954,-0.0121,Tham lam cực độ,2,70,1,0,0
FPT,2024-03-29 00:00:00.000000 UTC,100.52,101.21,100.18,100.61,-0.0051,1346605,156081986.1,2024,1,62024700000000.0,30297600000000.0,29033200000000.0,6341460000000.0,14093300000000.0,1798030000000.0,13.79,0.4885,0.028999999999999998,0.2184,0.20629999999999998,1293.04,1293.04,1282.44,1284.09,922547400,-0.0046999999999999993,Tham lam cực độ,2,77,1,0,0
FPT,2024-03-28 00:00:00.000000 UTC,100.09,101.39,99.57,101.13,0.0165,2808951,127869957.2,2024,1,62024700000000.0,30297600000000.0,29033200000000.0,6341460000000.0,14093300000000.0,1798030000000.0,13.79,0.4885,0.028999999999999998,0.2184,0.20629999999999998,1288.41,1293.9,1285.52,1290.18,1012175340,0.0055000000000000005,Tham lam cực độ,2,71,0,0,1
FPT,2024-03-28 00:00:00.000000 UTC,100.09,101.39,99.57,101.13,0.0165,2808951,127869957.2,2024,1,62024700000000.0,30297600000000.0,29033200000000.0,6341460000000.0,14093300000000.0,1798030000000.0,13.79,0.4885,0.028999999999999998,0.2184,0.20629999999999998,1288.41,1293.9,1285.52,1290.18,1012175340,0.0055000000000000005,Tham lam cực độ,2,71,1,0,0
FPT,2024-03-28 00:00:00.000000 UTC,100.09,101.39,99.57,101.13,0.0165,2808951,127869957.2,2024,1,62024700000000.0,30297600000000.0,29033200000000.0,6341460000000.0,14093300000000.0,1798030000000.0,13.79,0.4885,0.028999999999999998,0.2184,0.20629999999999998,1288.41,1293.9,1285.52,1290.18,1012175340,0.0055000000000000005,Tham lam cực độ,2,71,1,0,0
FPT,2024-03-27 00:00:00.000000 UTC,99.05,99.57,98.54,99.49,0.0018,1323812,102124445.4,2024,1,62024700000000.0,30297600000000.0,29033200000000.0,6341460000000.0,14093300000000.0,1798030000000.0,13.79,0.4885,0.028999999999999998,0.2184,0.20629999999999998,1284.59,1286.72,1276.95,1283.09,919282582,0.0007000000000000001,Tham lam cực độ,2,76,1,0,0
FPT,2024-03-26 00:00:00.000000 UTC,98.45,99.75,98.1,99.31,0.0087,1696761,246095904.5,2024,1,62024700000000.0,30297600000000.0,29033200000000.0,6341460000000.0,14093300000000.0,1798030000000.0,13.79,0.4885,0.028999999999999998,0.2184,0.20629999999999998,1267.86,1282.5,1264.42,1282.21,941695455,0.0113,Tham lam cực độ,2,77,0,0,1
FPT,2024-03-25 00:00:00.000000 UTC,98.54,99.4,98.28,98.45,-0.0079,2799669,153953627.6,2024,1,62024700000000.0,30297600000000.0,29033200000000.0,6341460000000.0,14093300000000.0,1798030000000.0,13.79,0.4885,0.028999999999999998,0.2184,0.20629999999999998,1281.63,1286.84,1264.51,1267.86,1242486633,-0.0109,Tham lam cực độ,2,77,1,0,0
FPT,2024-03-22 00:00:00.000000 UTC,100.44,100.44,98.88,99.23,-0.0112,2420313,273589877.0,2024,1,62024700000000.0,30297600000000.0,29033200000000.0,6341460000000.0,14093300000000.0,1798030000000.0,13.79,0.4885,0.028999999999999998,0.2184,0.20629999999999998,1276.42,1291.27,1276.38,1281.8,1377676890,0.0042,Tham lam cực độ,2,70,1,0,0
FPT,2024-03-22 00:00:00.000000 UTC,100.44,100.44,98.88,99.23,-0.0112,2420313,273589877.0,2024,1,62024700000000.0,30297600000000.0,29033200000000.0,6341460000000.0,14093300000000.0,1798030000000.0,13.79,0.4885,0.028999999999999998,0.2184,0.20629999999999998,1276.42,1291.27,1276.38,1281.8,1377676890,0.0042,Tham lam cực độ,2,70,1,0,0
FPT,2024-03-15 00:00:00.000000 UTC,100.87,100.87,98.88,100.18,-0.0085,3846741,144982922.3,2024,1,62024700000000.0,30297600000000.0,29033200000000.0,6341460000000.0,14093300000000.0,1798030000000.0,13.79,0.4885,0.028999999999999998,0.2184,0.20629999999999998,1263.46,1271.63,1252.36,1263.78,1067614441,-0.0004,Tham lam cực độ,2,75,1,0,0
FPT,2024-03-15 00:00:00.000000 UTC,100.87,100.87,98.88,100.18,-0.0085,3846741,144982922.3,2024,1,62024700000000.0,30297600000000.0,29033200000000.0,6341460000000.0,14093300000000.0,1798030000000.0,13.79,0.4885,0.028999999999999998,0.2184,0.20629999999999998,1263.46,1271.63,1252.36,1263.78,1067614441,-0.0004,Tham lam cực độ,2,75,1,0,0
FPT,2024-03-14 00:00:00.000000 UTC,102.34,102.34,99.92,101.04,0.0,3472473,119871283.2,2024,1,62024700000000.0,30297600000000.0,29033200000000.0,6341460000000.0,14093300000000.0,1798030000000.0,13.79,0.4885,0.028999999999999998,0.2184,0.20629999999999998,1272.16,1276.41,1258.67,1264.26,1057178320,-0.0049,Tham lam,1,69,0,1,0
FPT,2024-03-14 00:00:00.000000 UTC,102.34,102.34,99.92,101.04,0.0,3472473,119871283.2,2024,1,62024700000000.0,30297600000000.0,29033200000000.0,6341460000000.0,14093300000000.0,1798030000000.0,13.79,0.4885,0.028999999999999998,0.2184,0.20629999999999998,1272.16,1276.41,1258.67,1264.26,1057178320,-0.0049,Tham lam,1,69,1,0,0
FPT,2024-03-14 00:00:00.000000 UTC,102.34,102.34,99.92,101.04,0.0,3472473,119871283.2,2024,1,62024700000000.0,30297600000000.0,29033200000000.0,6341460000000.0,14093300000000.0,1798030000000.0,13.79,0.4885,0.028999999999999998,0.2184,0.20629999999999998,1272.16,1276.41,1258.67,1264.26,1057178320,-0.0049,Tham lam,1,69,1,0,0
FPT,2024-03-14 00:00:00.000000 UTC,102.34,102.34,99.92,101.04,0.0,3472473,119871283.2,2024,1,62024700000000.0,30297600000000.0,29033200000000.0,6341460000000.0,14093300000000.0,1798030000000.0,13.79,0.4885,0.028999999999999998,0.2184,0.20629999999999998,1272.16,1276.41,1258.67,1264.26,1057178320,-0.0049,Tham lam,1,69,1,0,0
FPT,2024-03-14 00:00:00.000000 UTC,102.34,102.34,99.92,101.04,0.0,3472473,119871283.2,2024,1,62024700000000.0,30297600000000.0,29033200000000.0,6341460000000.0,14093300000000.0,1798030000000.0,13.79,0.4885,0.028999999999999998,0.2184,0.20629999999999998,1272.16,1276.41,1258.67,1264.26,1057178320,-0.0049,Tham lam,1,69,1,0,0
FPT,2024-03-14 00:00:00.000000 UTC,102.34,102.34,99.92,101.04,0.0,3472473,119871283.2,2024,1,62024700000000.0,30297600000000.0,29033200000000.0,6341460000000.0,14093300000000.0,1798030000000.0,13.79,0.4885,0.028999999999999998,0.2184,0.20629999999999998,1272.16,1276.41,1258.67,1264.26,1057178320,-0.0049,Tham lam,1,69,1,0,0
FPT,2024-03-14 00:00:00.000000 UTC,102.34,102.34,99.92,101.04,0.0,3472473,119871283.2,2024,1,62024700000000.0,30297600000000.0,29033200000000.0,6341460000000.0,14093300000000.0,1798030000000.0,13.79,0.4885,0.028999999999999998,0.2184,0.20629999999999998,1272.16,1276.41,1258.67,1264.26,1057178320,-0.0049,Tham lam,1,69,1,0,0
FPT,2024-03-14 00:00:00.000000 UTC,102.34,102.34,99.92,101.04,0.0,3472473,119871283.2,2024,1,62024700000000.0,30297600000000.0,29033200000000.0,6341460000000.0,14093300000000.0,1798030000000.0,13.79,0.4885,0.028999999999999998,0.2184,0.20629999999999998,1272.16,1276.41,1258.67,1264.26,1057178320,-0.0049,Tham lam,1,69,1,0,0
FPT,2024-03-13 00:00:00.000000 UTC,97.41,101.04,96.72,101.04,0.0455,5125138,93214848.0,2024,1,62024700000000.0,30297600000000.0,29033200000000.0,6341460000000.0,14093300000000.0,1798030000000.0,13.79,0.4885,0.028999999999999998,0.2184,0.20629999999999998,1245.0,1270.51,1245.0,1270.51,982228387,0.020499999999999997,Tham lam cực độ,2,72,1,0,0
FPT,2024-03-12 00:00:00.000000 UTC,95.0,98.02,95.0,96.64,0.0173,2912964,106635046.4,2024,1,62024700000000.0,30297600000000.0,29033200000000.0,6341460000000.0,14093300000000.0,1798030000000.0,13.79,0.4885,0.028999999999999998,0.2184,0.20629999999999998,1234.87,1248.33,1233.14,1245.0,836219861,0.0077,Tham lam cực độ,2,76,1,0,0
FPT,2024-03-08 00:00:00.000000 UTC,96.12,97.24,94.56,95.0,-0.0117,3122548,79022361.95,2024,1,62024700000000.0,30297600000000.0,29033200000000.0,6341460000000.0,14093300000000.0,1798030000000.0,13.79,0.4885,0.028999999999999998,0.2184,0.20629999999999998,1270.14,1274.3,1247.35,1247.35,1346110974,-0.0166,Tham lam cực độ,2,78,0,1,0
FPT,2024-03-07 00:00:00.000000 UTC,94.22,98.36,93.44,96.12,0.0202,4044840,202062251.4,2024,1,62024700000000.0,30297600000000.0,29033200000000.0,6341460000000.0,14093300000000.0,1798030000000.0,13.79,0.4885,0.028999999999999998,0.2184,0.20629999999999998,1263.51,1269.88,1260.24,1268.46,1017267325,0.0045000000000000005,Tham lam cực độ,2,75,1,0,0
FPT,2024-03-07 00:00:00.000000 UTC,94.22,98.36,93.44,96.12,0.0202,4044840,202062251.4,2024,1,62024700000000.0,30297600000000.0,29033200000000.0,6341460000000.0,14093300000000.0,1798030000000.0,13.79,0.4885,0.028999999999999998,0.2184,0.20629999999999998,1263.51,1269.88,1260.24,1268.46,1017267325,0.0045000000000000005,Tham lam cực độ,2,75,1,0,0
FPT,2024-03-01 00:00:00.000000 UTC,94.31,96.21,94.22,95.69,0.0166,4028406,181171562.8,2024,1,62024700000000.0,30297600000000.0,29033200000000.0,6341460000000.0,14093300000000.0,1798030000000.0,13.79,0.4885,0.028999999999999998,0.2184,0.20629999999999998,1256.72,1258.76,1247.87,1258.28,961928011,0.0044,Tham lam cực độ,2,75,1,0,0
FPT,2024-02-29 00:00:00.000000 UTC,93.44,94.48,93.01,94.13,0.0046,2829302,170964477.5,2024,1,62024700000000.0,30297600000000.0,29033200000000.0,6341460000000.0,14093300000000.0,1798030000000.0,13.79,0.4885,0.028999999999999998,0.2184,0.20629999999999998,1257.56,1264.39,1247.7,1252.73,1091193600,-0.0015,Tham lam cực độ,2,73,0,1,0
FPT,2024-02-29 00:00:00.000000 UTC,93.44,94.48,93.01,94.13,0.0046,2829302,170964477.5,2024,1,62024700000000.0,30297600000000.0,29033200000000.0,6341460000000.0,14093300000000.0,1798030000000.0,13.79,0.4885,0.028999999999999998,0.2184,0.20629999999999998,1257.56,1264.39,1247.7,1252.73,1091193600,-0.0015,Tham lam cực độ,2,73,1,0,0
FPT,2024-02-29 00:00:00.000000 UTC,93.44,94.48,93.01,94.13,0.0046,2829302,170964477.5,2024,1,62024700000000.0,30297600000000.0,29033200000000.0,6341460000000.0,14093300000000.0,1798030000000.0,13.79,0.4885,0.028999999999999998,0.2184,0.20629999999999998,1257.56,1264.39,1247.7,1252.73,1091193600,-0.0015,Tham lam cực độ,2,73,1,0,0
FPT,2024-02-29 00:00:00.000000 UTC,93.44,94.48,93.01,94.13,0.0046,2829302,170964477.5,2024,1,62024700000000.0,30297600000000.0,29033200000000.0,6341460000000.0,14093300000000.0,1798030000000.0,13.79,0.4885,0.028999999999999998,0.2184,0.20629999999999998,1257.56,1264.39,1247.7,1252.73,1091193600,-0.0015,Tham lam cực độ,2,73,1,0,0
FPT,2024-02-27 00:00:00.000000 UTC,93.7,94.56,92.75,93.18,-0.001,2807162,107237674.0,2024,1,62024700000000.0,30297600000000.0,29033200000000.0,6341460000000.0,14093300000000.0,1798030000000.0,13.79,0.4885,0.028999999999999998,0.2184,0.20629999999999998,1228.98,1237.6,1226.49,1237.46,986854411,0.0109,Tham lam cực độ,2,73,1,0,0
ITD,2024-06-28 00:00:00.000000 UTC,17.7,18.3,17.2,17.4,-0.0543,336132,8236491.077,2024,2,476616000000.0,236310000000.0,121937000000.0,56119636204.0,87487198762.0,-2451869891.0,11.68,0.49579999999999996,-0.0051,0.46020000000000005,0.011399999999999999,1260.77,1262.61,1240.15,1245.32,840428178,-0.0109,Tham lam,1,58,1,0,0
ITD,2024-06-12 00:00:00.000000 UTC,17.6,17.75,17.0,17.4,-0.0085,400259,14017688.61,2024,2,476616000000.0,236310000000.0,121937000000.0,56119636204.0,87487198762.0,-2451869891.0,11.68,0.49579999999999996,-0.0051,0.46020000000000005,0.011399999999999999,1285.2,1301.35,1281.71,1300.19,895254667,0.0123,Tham lam,1,60,1,0,0
ITD,2024-04-25 00:00:00.000000 UTC,10.35,10.35,10.0,10.3,0.0098,75782,470322.0,2024,2,476616000000.0,236310000000.0,121937000000.0,56119636204.0,87487198762.0,-2451869891.0,11.68,0.49579999999999996,-0.0051,0.46020000000000005,0.011399999999999999,1206.52,1208.41,1200.21,1204.97,569651810,-0.0005,Trung lập,0,47,0,1,0