date,year,quarter,vni_close
1/2/2014,2014,1,504.51
1/3/2014,2014,1,505.37
1/6/2014,2014,1,509.1
1/7/2014,2014,1,510.12
1/8/2014,2014,1,513.9
1/9/2014,2014,1,516.98
1/10/2014,2014,1,518.94
1/13/2014,2014,1,521.11
1/14/2014,2014,1,522.31
1/15/2014,2014,1,526.68
1/16/2014,2014,1,533.54
1/17/2014,2014,1,543.59
1/20/2014,2014,1,553.67
1/21/2014,2014,1,559.91
1/22/2014,2014,1,551.92
1/23/2014,2014,1,553.55
1/24/2014,2014,1,560.19
1/27/2014,2014,1,556.52
2/6/2014,2014,1,554.68
2/7/2014,2014,1,549.76
2/10/2014,2014,1,555.9
2/11/2014,2014,1,553.9
2/12/2014,2014,1,564.25
2/13/2014,2014,1,570.18
2/14/2014,2014,1,572.22
2/17/2014,2014,1,570.2
2/18/2014,2014,1,574.56
2/19/2014,2014,1,578.12
2/20/2014,2014,1,571.04
2/21/2014,2014,1,570.57
2/24/2014,2014,1,576.58
2/25/2014,2014,1,586.2
2/26/2014,2014,1,589.81
2/27/2014,2014,1,584.79
2/28/2014,2014,1,586.48
3/3/2014,2014,1,573.38
3/4/2014,2014,1,569.97
3/5/2014,2014,1,574.94
3/6/2014,2014,1,578.56
3/7/2014,2014,1,579.75
3/10/2014,2014,1,583.69
3/11/2014,2014,1,588.5
3/12/2014,2014,1,590.02
3/13/2014,2014,1,595.22
3/14/2014,2014,1,596.83
3/17/2014,2014,1,600.36
3/18/2014,2014,1,599.85
3/19/2014,2014,1,605.59
3/20/2014,2014,1,600.26
3/21/2014,2014,1,601.75
3/24/2014,2014,1,607.55
3/25/2014,2014,1,601.85
3/26/2014,2014,1,588.06
3/27/2014,2014,1,590.14
3/28/2014,2014,1,594.29
3/31/2014,2014,1,591.57
4/1/2014,2014,2,583.85
4/2/2014,2014,2,581.67
4/3/2014,2014,2,589.44
4/4/2014,2014,2,593.04
4/7/2014,2014,2,600.57
4/8/2014,2014,2,603.25
4/10/2014,2014,2,601.33
4/11/2014,2014,2,600.57
4/14/2014,2014,2,596.11
4/15/2014,2014,2,586.09
4/16/2014,2014,2,574.29
4/17/2014,2014,2,580.31
4/18/2014,2014,2,565.33
4/21/2014,2014,2,558.14
4/22/2014,2014,2,569.87
4/23/2014,2014,2,569.36
4/24/2014,2014,2,570.46
4/25/2014,2014,2,578.92
4/28/2014,2014,2,573.1
4/29/2014,2014,2,578
5/5/2014,2014,2,564.85
5/6/2014,2014,2,555.11
5/7/2014,2014,2,559.97
5/8/2014,2014,2,527.09
5/9/2014,2014,2,542.46
5/12/2014,2014,2,517.05
5/13/2014,2014,2,513.91
5/14/2014,2014,2,529.53
5/15/2014,2014,2,524.05
5/16/2014,2014,2,529.49
5/19/2014,2014,2,533.04
5/20/2014,2014,2,537.52
5/21/2014,2014,2,543.88
5/22/2014,2014,2,541.73
5/23/2014,2014,2,541.49
5/26/2014,2014,2,544.06
5/27/2014,2014,2,552.75
5/28/2014,2014,2,557.34
5/29/2014,2014,2,558.45
5/30/2014,2014,2,562.02
6/2/2014,2014,2,556.8
6/3/2014,2014,2,558.76
6/4/2014,2014,2,553.46
6/5/2014,2014,2,551.1
6/6/2014,2014,2,559.04
6/9/2014,2014,2,565.61
6/10/2014,2014,2,566.89
6/11/2014,2014,2,570.36
6/12/2014,2014,2,573.77
6/13/2014,2014,2,574.48
6/16/2014,2014,2,572.37
6/17/2014,2014,2,572.25
6/18/2014,2014,2,570.03
6/19/2014,2014,2,567.35
6/20/2014,2014,2,560.78
6/23/2014,2014,2,565.92
6/24/2014,2014,2,569.74
6/25/2014,2014,2,572.27
6/26/2014,2014,2,576.4
6/27/2014,2014,2,578.82
6/30/2014,2014,2,578.13
7/1/2014,2014,3,578.07
7/2/2014,2014,3,578.8
7/3/2014,2014,3,585.02
7/4/2014,2014,3,589.35
7/7/2014,2014,3,590.69
7/8/2014,2014,3,591.47
7/9/2014,2014,3,591.6
7/10/2014,2014,3,584.88
7/11/2014,2014,3,582.77
7/14/2014,2014,3,586.23
7/15/2014,2014,3,589.31
7/16/2014,2014,3,589.68
7/17/2014,2014,3,590.37
7/18/2014,2014,3,596.26
7/21/2014,2014,3,601.04
7/22/2014,2014,3,597.98
7/23/2014,2014,3,597.5
7/24/2014,2014,3,602.06
7/25/2014,2014,3,600.14
7/28/2014,2014,3,589.45
7/29/2014,2014,3,592.24
7/30/2014,2014,3,589.33
7/31/2014,2014,3,596.07
8/1/2014,2014,3,593.9
8/4/2014,2014,3,599.04
8/5/2014,2014,3,607.73
8/6/2014,2014,3,606.7
8/7/2014,2014,3,607.62
8/8/2014,2014,3,605.43
8/11/2014,2014,3,602.13
8/12/2014,2014,3,601.78
8/13/2014,2014,3,602.76
8/14/2014,2014,3,605.25
8/15/2014,2014,3,604.24
8/18/2014,2014,3,605.08
8/19/2014,2014,3,604.64
8/20/2014,2014,3,606.7
8/21/2014,2014,3,612.94
8/22/2014,2014,3,620.14
8/25/2014,2014,3,625.88
8/26/2014,2014,3,629.06
8/27/2014,2014,3,628.77
8/28/2014,2014,3,632.03
8/29/2014,2014,3,636.65
9/3/2014,2014,3,640.75
9/4/2014,2014,3,640.22
9/5/2014,2014,3,638.65
9/8/2014,2014,3,639.85
9/9/2014,2014,3,626.92
9/10/2014,2014,3,628.8
9/11/2014,2014,3,628.99
9/12/2014,2014,3,632.5
9/15/2014,2014,3,630.34
9/16/2014,2014,3,627.66
9/17/2014,2014,3,625.66
9/18/2014,2014,3,615.8
9/19/2014,2014,3,613.29
9/22/2014,2014,3,611.93
9/23/2014,2014,3,610.39
9/24/2014,2014,3,603.59
9/25/2014,2014,3,605.1
9/26/2014,2014,3,604.98
9/29/2014,2014,3,599.78
9/30/2014,2014,3,598.8
10/1/2014,2014,4,609.27
10/2/2014,2014,4,612.66
10/3/2014,2014,4,611.55
10/6/2014,2014,4,614.42
10/7/2014,2014,4,614.08
10/8/2014,2014,4,617.26
10/9/2014,2014,4,624.34
10/10/2014,2014,4,617.72
10/13/2014,2014,4,614.22
10/14/2014,2014,4,605.79
10/15/2014,2014,4,604.29
10/16/2014,2014,4,587.17
10/17/2014,2014,4,585.28
10/20/2014,2014,4,589.24
10/21/2014,2014,4,600.55
10/22/2014,2014,4,601.59
10/23/2014,2014,4,593.53
10/24/2014,2014,4,591.51
10/27/2014,2014,4,580.8
10/28/2014,2014,4,583.13
10/29/2014,2014,4,591.2
10/30/2014,2014,4,589.14
10/31/2014,2014,4,600.84
11/3/2014,2014,4,603.15
11/4/2014,2014,4,598.39
11/5/2014,2014,4,597.01
11/6/2014,2014,4,597.85
11/7/2014,2014,4,602.59
11/10/2014,2014,4,602.12
11/11/2014,2014,4,604.23
11/12/2014,2014,4,604.01
11/13/2014,2014,4,603.16
11/14/2014,2014,4,600.36
11/17/2014,2014,4,600.93
11/18/2014,2014,4,594.25
11/19/2014,2014,4,588.35
11/20/2014,2014,4,593.32
11/21/2014,2014,4,588.03
11/24/2014,2014,4,582.53
11/25/2014,2014,4,585.91
11/26/2014,2014,4,576.04
11/27/2014,2014,4,572.89
11/28/2014,2014,4,566.58
12/1/2014,2014,4,568.01
12/2/2014,2014,4,569.43
12/3/2014,2014,4,574.88
12/4/2014,2014,4,578.38
12/5/2014,2014,4,578.76
12/8/2014,2014,4,571.68
12/9/2014,2014,4,555.31
12/10/2014,2014,4,557.19
12/11/2014,2014,4,550.11
12/12/2014,2014,4,553.93
12/15/2014,2014,4,547.93
12/17/2014,2014,4,518.22
12/18/2014,2014,4,528.45
12/19/2014,2014,4,523.09
12/22/2014,2014,4,537.54
12/23/2014,2014,4,537.88
12/24/2014,2014,4,539.44
12/25/2014,2014,4,532.01
12/26/2014,2014,4,533.37
12/29/2014,2014,4,532.68
12/30/2014,2014,4,537.57
12/31/2014,2014,4,545.63
1/5/2015,2015,1,544.45
1/6/2015,2015,1,549.66
1/7/2015,2015,1,552.05
1/8/2015,2015,1,553.47
1/9/2015,2015,1,569.73
1/12/2015,2015,1,574.32
1/13/2015,2015,1,580.6
1/14/2015,2015,1,577.01
1/15/2015,2015,1,577.74
1/16/2015,2015,1,574.81
1/19/2015,2015,1,571.51
1/20/2015,2015,1,572.22
1/21/2015,2015,1,569.12
1/22/2015,2015,1,574.54
1/23/2015,2015,1,582.38
1/26/2015,2015,1,580.64
1/27/2015,2015,1,579.3
1/28/2015,2015,1,583.76
1/29/2015,2015,1,583.28
1/30/2015,2015,1,576.07
2/2/2015,2015,1,570.37
2/3/2015,2015,1,557.47
2/4/2015,2015,1,561.45
2/5/2015,2015,1,567.17
2/6/2015,2015,1,574.13
2/9/2015,2015,1,573.55
2/10/2015,2015,1,574.52
2/11/2015,2015,1,581.76
2/12/2015,2015,1,584.67
2/13/2015,2015,1,587.24
2/24/2015,2015,1,596.95
2/25/2015,2015,1,592.66
2/26/2015,2015,1,596.72
2/27/2015,2015,1,592.57
3/2/2015,2015,1,590.73
3/3/2015,2015,1,596.72
3/4/2015,2015,1,600.39
3/5/2015,2015,1,596.91
3/6/2015,2015,1,593.97
3/9/2015,2015,1,588.44
3/10/2015,2015,1,589.66
3/11/2015,2015,1,586.54
3/12/2015,2015,1,588.53
3/13/2015,2015,1,586.1
3/16/2015,2015,1,580.8
3/17/2015,2015,1,581.76
3/18/2015,2015,1,578.68
3/19/2015,2015,1,573.74
3/20/2015,2015,1,575.44
3/23/2015,2015,1,570.89
3/24/2015,2015,1,567.43
3/25/2015,2015,1,560.93
3/26/2015,2015,1,556.16
3/27/2015,2015,1,551.42
3/30/2015,2015,1,545.19
3/31/2015,2015,1,551.13
4/1/2015,2015,2,538.91
4/2/2015,2015,2,546.85
4/3/2015,2015,2,547.85
4/6/2015,2015,2,542.97
4/7/2015,2015,2,548.11
4/8/2015,2015,2,547.72
4/9/2015,2015,2,550.52
4/10/2015,2015,2,554.03
4/13/2015,2015,2,559.54
4/14/2015,2015,2,558.67
4/15/2015,2015,2,564.5
4/16/2015,2015,2,568.28
4/17/2015,2015,2,568.32
4/20/2015,2015,2,565.04
4/21/2015,2015,2,562.24
4/22/2015,2015,2,562.51
4/23/2015,2015,2,561.25
4/24/2015,2015,2,565.77
4/27/2015,2015,2,562.4
5/4/2015,2015,2,545.08
5/5/2015,2015,2,552.65
5/6/2015,2015,2,549.3
5/7/2015,2015,2,552.98
5/8/2015,2015,2,554.51
5/11/2015,2015,2,551.67
5/12/2015,2015,2,544.41
5/13/2015,2015,2,542.82
5/14/2015,2015,2,543.69
5/15/2015,2015,2,537.44
5/18/2015,2015,2,528.95
5/19/2015,2015,2,536.82
5/20/2015,2015,2,550.1
5/21/2015,2015,2,552.56
5/22/2015,2015,2,561.82
5/25/2015,2015,2,563
5/26/2015,2015,2,567.2
5/27/2015,2015,2,566.48
5/28/2015,2015,2,572.97
5/29/2015,2015,2,569.56
6/1/2015,2015,2,574.98
6/2/2015,2015,2,570.31
6/3/2015,2015,2,567.9
6/4/2015,2015,2,568.99
6/5/2015,2015,2,578.07
6/8/2015,2015,2,579.83
6/9/2015,2015,2,574.47
6/10/2015,2015,2,574.1
6/11/2015,2015,2,581.05
6/12/2015,2015,2,582.73
6/15/2015,2015,2,586.48
6/16/2015,2015,2,580.35
6/17/2015,2015,2,578.87
6/18/2015,2015,2,580.35
6/19/2015,2015,2,584.7
6/22/2015,2015,2,594.08
6/23/2015,2015,2,593.07
6/24/2015,2015,2,590.02
6/25/2015,2015,2,587.99
6/26/2015,2015,2,581.75
6/29/2015,2015,2,591.75
6/30/2015,2015,2,593.05
7/1/2015,2015,3,591.5
7/2/2015,2015,3,605.7
7/3/2015,2015,3,616.43
7/6/2015,2015,3,625.22
7/7/2015,2015,3,630.27
7/8/2015,2015,3,623.17
7/9/2015,2015,3,622.1
7/10/2015,2015,3,627.28
7/13/2015,2015,3,634.06
7/14/2015,2015,3,638.69
7/15/2015,2015,3,630.89
7/16/2015,2015,3,626.9
7/17/2015,2015,3,628.63
7/20/2015,2015,3,620.54
7/21/2015,2015,3,616.61
7/22/2015,2015,3,629.85
7/23/2015,2015,3,632.01
7/24/2015,2015,3,631.26
7/27/2015,2015,3,635.46
7/28/2015,2015,3,631.47
7/29/2015,2015,3,624.7
7/30/2015,2015,3,626.57
7/31/2015,2015,3,621.06
8/3/2015,2015,3,609.47
8/4/2015,2015,3,600.76
8/5/2015,2015,3,607.08
8/6/2015,2015,3,601.04
8/7/2015,2015,3,603.76
8/10/2015,2015,3,614.53
8/11/2015,2015,3,613.05
8/12/2015,2015,3,604.24
8/13/2015,2015,3,594.26
8/14/2015,2015,3,589.03
8/17/2015,2015,3,573.15
8/18/2015,2015,3,580.22
8/19/2015,2015,3,577.82
8/20/2015,2015,3,566.69
8/21/2015,2015,3,556.3
8/24/2015,2015,3,526.93
8/25/2015,2015,3,529.98
8/26/2015,2015,3,545.89
8/27/2015,2015,3,555.81
8/28/2015,2015,3,570.87
8/31/2015,2015,3,564.75
9/1/2015,2015,3,562.31
9/3/2015,2015,3,554.3
9/4/2015,2015,3,556.81
9/7/2015,2015,3,554.93
9/8/2015,2015,3,566.72
9/9/2015,2015,3,572.34
9/10/2015,2015,3,572.07
9/11/2015,2015,3,566.74
9/14/2015,2015,3,562.17
9/15/2015,2015,3,563.27
9/16/2015,2015,3,564.13
9/17/2015,2015,3,562.48
9/18/2015,2015,3,566.25
9/21/2015,2015,3,572.12
9/22/2015,2015,3,573.2
9/23/2015,2015,3,572.72
9/24/2015,2015,3,570.25
9/25/2015,2015,3,570.38
9/28/2015,2015,3,564.88
9/29/2015,2015,3,561.19
9/30/2015,2015,3,562.64
10/1/2015,2015,4,563.54
10/2/2015,2015,4,564.15
10/5/2015,2015,4,570
10/6/2015,2015,4,581.29
10/7/2015,2015,4,579.57
10/8/2015,2015,4,586.78
10/9/2015,2015,4,588.02
10/12/2015,2015,4,592.1
10/13/2015,2015,4,590.84
10/14/2015,2015,4,589.98
10/15/2015,2015,4,592.4
10/16/2015,2015,4,593.02
10/19/2015,2015,4,594.61
10/20/2015,2015,4,590.45
10/21/2015,2015,4,590.24
10/22/2015,2015,4,595.08
10/23/2015,2015,4,601.74
10/26/2015,2015,4,598.61
10/27/2015,2015,4,598.44
10/28/2015,2015,4,596.24
10/29/2015,2015,4,605.2
10/30/2015,2015,4,607.37
11/2/2015,2015,4,602.76
11/3/2015,2015,4,611.71
11/4/2015,2015,4,610.6
11/5/2015,2015,4,615.18
11/6/2015,2015,4,612.36
11/9/2015,2015,4,610.66
11/10/2015,2015,4,605.27
11/11/2015,2015,4,603.53
11/12/2015,2015,4,605.58
11/13/2015,2015,4,611.27
11/16/2015,2015,4,609.21
11/17/2015,2015,4,605.05
11/18/2015,2015,4,603.34
11/19/2015,2015,4,601.9
11/20/2015,2015,4,604.46
11/23/2015,2015,4,599.99
11/24/2015,2015,4,593.83
11/25/2015,2015,4,595.7
11/26/2015,2015,4,590.4
11/27/2015,2015,4,582.86
11/30/2015,2015,4,573.2
12/1/2015,2015,4,570.41
12/2/2015,2015,4,574.42
12/3/2015,2015,4,574.38
12/4/2015,2015,4,571.62
12/7/2015,2015,4,563.62
12/8/2015,2015,4,574.15
12/9/2015,2015,4,565.2
12/10/2015,2015,4,561.04
12/11/2015,2015,4,563.43
12/14/2015,2015,4,562.22
12/15/2015,2015,4,568
12/16/2015,2015,4,572.55
12/17/2015,2015,4,577.11
12/18/2015,2015,4,568.18
12/21/2015,2015,4,566.9
12/22/2015,2015,4,566.35
12/23/2015,2015,4,564.27
12/24/2015,2015,4,566.17
12/25/2015,2015,4,567.67
12/28/2015,2015,4,569.9
12/29/2015,2015,4,576.29
12/30/2015,2015,4,579.45
12/31/2015,2015,4,579.03
1/4/2016,2016,1,574.41
1/5/2016,2016,1,569.94
1/6/2016,2016,1,574.57
1/7/2016,2016,1,565.36
1/8/2016,2016,1,560.05
1/11/2016,2016,1,557.87
1/12/2016,2016,1,564.26
1/13/2016,2016,1,560.37
1/14/2016,2016,1,553.03
1/15/2016,2016,1,543.04
1/18/2016,2016,1,526.37
1/19/2016,2016,1,535.77
1/20/2016,2016,1,529.44
1/21/2016,2016,1,521.88
1/22/2016,2016,1,522.24
1/25/2016,2016,1,542.35
1/26/2016,2016,1,537.73
1/27/2016,2016,1,542.69
1/28/2016,2016,1,539.47
1/29/2016,2016,1,545.25
2/1/2016,2016,1,540.56
2/2/2016,2016,1,536.45
2/3/2016,2016,1,539.07
2/4/2016,2016,1,542.15
2/5/2016,2016,1,544.75
2/15/2016,2016,1,543.79
2/16/2016,2016,1,548.05
2/17/2016,2016,1,547.05
2/18/2016,2016,1,552.49
2/19/2016,2016,1,554.03
2/22/2016,2016,1,560.71
2/23/2016,2016,1,561.28
2/24/2016,2016,1,568.04
2/25/2016,2016,1,562.82
2/26/2016,2016,1,566.11
2/29/2016,2016,1,559.37
3/1/2016,2016,1,561.56
3/2/2016,2016,1,570.18
3/3/2016,2016,1,570.39
3/4/2016,2016,1,573.65
3/7/2016,2016,1,576.2
3/8/2016,2016,1,574.71
3/9/2016,2016,1,571.71
3/10/2016,2016,1,575.91
3/11/2016,2016,1,577.26
3/14/2016,2016,1,577.98
3/15/2016,2016,1,574.04
3/16/2016,2016,1,577.07
3/17/2016,2016,1,579.26
3/18/2016,2016,1,575.82
3/21/2016,2016,1,572.27
3/22/2016,2016,1,570.91
3/23/2016,2016,1,574.71
3/24/2016,2016,1,570.66
3/25/2016,2016,1,572.08
3/28/2016,2016,1,575.72
3/29/2016,2016,1,568.28
3/30/2016,2016,1,569.91
3/31/2016,2016,1,561.22
4/1/2016,2016,2,558.43
4/4/2016,2016,2,555.82
4/5/2016,2016,2,560.32
4/6/2016,2016,2,567.79
4/7/2016,2016,2,571.6
4/8/2016,2016,2,572.34
4/11/2016,2016,2,579.27
4/12/2016,2016,2,579.84
4/13/2016,2016,2,578.02
4/14/2016,2016,2,579.49
4/15/2016,2016,2,579.86
4/19/2016,2016,2,568.28
4/20/2016,2016,2,568.03
4/21/2016,2016,2,575.73
4/22/2016,2016,2,592.48
4/25/2016,2016,2,591.58
4/26/2016,2016,2,598.48
4/27/2016,2016,2,593.96
4/28/2016,2016,2,591.67
4/29/2016,2016,2,598.37
5/4/2016,2016,2,599.07
5/5/2016,2016,2,601.51
5/6/2016,2016,2,606.52
5/9/2016,2016,2,603.85
5/10/2016,2016,2,605.05
5/11/2016,2016,2,614.06
5/12/2016,2016,2,612.12
5/13/2016,2016,2,610.82
5/16/2016,2016,2,615.78
5/17/2016,2016,2,624.75
5/18/2016,2016,2,622.45
5/19/2016,2016,2,619.2
5/20/2016,2016,2,614.81
5/23/2016,2016,2,611.03
5/24/2016,2016,2,611.62
5/25/2016,2016,2,611.89
5/26/2016,2016,2,604.34
5/27/2016,2016,2,608.11
5/30/2016,2016,2,614.5
5/31/2016,2016,2,618.44
6/1/2016,2016,2,619.86
6/2/2016,2016,2,623.37
6/3/2016,2016,2,621.88
6/6/2016,2016,2,620.05
6/7/2016,2016,2,624.65
6/8/2016,2016,2,627.87
6/9/2016,2016,2,631.26
6/10/2016,2016,2,629.84
6/13/2016,2016,2,623.58
6/14/2016,2016,2,625.43
6/15/2016,2016,2,627.02
6/16/2016,2016,2,625.11
6/17/2016,2016,2,619.25
6/20/2016,2016,2,626.46
6/21/2016,2016,2,628
6/22/2016,2016,2,626.41
6/23/2016,2016,2,632.27
6/24/2016,2016,2,620.77
6/27/2016,2016,2,621.27
6/28/2016,2016,2,622.2
6/29/2016,2016,2,630.12
6/30/2016,2016,2,632.26
7/1/2016,2016,3,640.3
7/4/2016,2016,3,647.96
7/5/2016,2016,3,650.88
7/6/2016,2016,3,649.46
7/7/2016,2016,3,661.12
7/8/2016,2016,3,658.68
7/11/2016,2016,3,652.26
7/12/2016,2016,3,658.9
7/13/2016,2016,3,675.12
7/14/2016,2016,3,666.69
7/15/2016,2016,3,664.56
7/18/2016,2016,3,673.5
7/19/2016,2016,3,667.76
7/20/2016,2016,3,660.26
7/21/2016,2016,3,659.57
7/22/2016,2016,3,649.87
7/25/2016,2016,3,649.3
7/26/2016,2016,3,648.59
7/27/2016,2016,3,656.11
7/28/2016,2016,3,657.14
7/29/2016,2016,3,652.23
8/1/2016,2016,3,648.38
8/2/2016,2016,3,636.05
8/3/2016,2016,3,631.61
8/4/2016,2016,3,631.94
8/5/2016,2016,3,627.39
8/8/2016,2016,3,629.46
8/9/2016,2016,3,637.34
8/10/2016,2016,3,648.33
8/11/2016,2016,3,660.24
8/12/2016,2016,3,655.71
8/15/2016,2016,3,659.47
8/16/2016,2016,3,658.11
8/17/2016,2016,3,660.51
8/18/2016,2016,3,660.65
8/19/2016,2016,3,662.28
8/22/2016,2016,3,657.68
8/23/2016,2016,3,659.16
8/24/2016,2016,3,660.77
8/25/2016,2016,3,658.5
8/26/2016,2016,3,667.75
8/29/2016,2016,3,669.44
8/30/2016,2016,3,672.67
8/31/2016,2016,3,674.63
9/1/2016,2016,3,669.19
9/5/2016,2016,3,664.55
9/6/2016,2016,3,663.9
9/7/2016,2016,3,661.28
9/8/2016,2016,3,666.07
9/9/2016,2016,3,666.88
9/12/2016,2016,3,659.76
9/13/2016,2016,3,659.72
9/14/2016,2016,3,656.64
9/15/2016,2016,3,656.18
9/16/2016,2016,3,651.31
9/19/2016,2016,3,657.89
9/20/2016,2016,3,663.37
9/21/2016,2016,3,668.48
9/22/2016,2016,3,671.38
9/23/2016,2016,3,674.09
9/26/2016,2016,3,677.04
9/27/2016,2016,3,684.89
9/28/2016,2016,3,686.72
9/29/2016,2016,3,688.55
9/30/2016,2016,3,685.73
10/3/2016,2016,4,683.05
10/4/2016,2016,4,684.2
10/5/2016,2016,4,687.04
10/6/2016,2016,4,687.32
10/7/2016,2016,4,683.95
10/10/2016,2016,4,674.19
10/11/2016,2016,4,682.36
10/12/2016,2016,4,682.45
10/13/2016,2016,4,685.23
10/14/2016,2016,4,687
10/17/2016,2016,4,680.95
10/18/2016,2016,4,682.02
10/19/2016,2016,4,688.89
10/20/2016,2016,4,686.39
10/21/2016,2016,4,684.83
10/24/2016,2016,4,678.02
10/25/2016,2016,4,676.18
10/26/2016,2016,4,673.61
10/27/2016,2016,4,676.9
10/28/2016,2016,4,682.25
10/31/2016,2016,4,675.8
11/1/2016,2016,4,676.6
11/2/2016,2016,4,671.4
11/3/2016,2016,4,667.63
11/4/2016,2016,4,666.73
11/7/2016,2016,4,674.14
11/8/2016,2016,4,676.46
11/9/2016,2016,4,670.26
11/10/2016,2016,4,678.17
11/11/2016,2016,4,679.2
11/14/2016,2016,4,673.05
11/15/2016,2016,4,674.26
11/16/2016,2016,4,674.6
11/17/2016,2016,4,674.57
11/18/2016,2016,4,673.25
11/21/2016,2016,4,674.29
11/22/2016,2016,4,681.91
11/23/2016,2016,4,683.16
11/24/2016,2016,4,678.18
11/25/2016,2016,4,675.87
11/28/2016,2016,4,665.29
11/29/2016,2016,4,658.26
11/30/2016,2016,4,665.07
12/1/2016,2016,4,666.54
12/2/2016,2016,4,665.14
12/5/2016,2016,4,660.21
12/6/2016,2016,4,651.49
12/7/2016,2016,4,653.53
12/8/2016,2016,4,658.89
12/9/2016,2016,4,663.07
12/12/2016,2016,4,659.7
12/13/2016,2016,4,654.66
12/14/2016,2016,4,665.14
12/15/2016,2016,4,665.92
12/16/2016,2016,4,675.16
12/19/2016,2016,4,674.33
12/20/2016,2016,4,662.66
12/21/2016,2016,4,666.94
12/22/2016,2016,4,664.15
12/23/2016,2016,4,664.37
12/26/2016,2016,4,662.45
12/27/2016,2016,4,663.86
12/28/2016,2016,4,663.5
12/29/2016,2016,4,664.72
12/30/2016,2016,4,664.87
1/3/2017,2017,1,672.01
1/4/2017,2017,1,674.7
1/5/2017,2017,1,675.81
1/6/2017,2017,1,679.8
1/9/2017,2017,1,682.57
1/10/2017,2017,1,681.07
1/11/2017,2017,1,687.16
1/12/2017,2017,1,686.96
1/13/2017,2017,1,685.06
1/16/2017,2017,1,677.94
1/17/2017,2017,1,684.71
1/18/2017,2017,1,683.28
1/19/2017,2017,1,682.31
1/20/2017,2017,1,686.26
1/23/2017,2017,1,687.15
1/24/2017,2017,1,691.36
1/25/2017,2017,1,697.28
2/2/2017,2017,1,703.18
2/3/2017,2017,1,700.35
2/6/2017,2017,1,700.04
2/7/2017,2017,1,701.91
2/8/2017,2017,1,702.04
2/9/2017,2017,1,700.65
2/10/2017,2017,1,703.78
2/13/2017,2017,1,705.9
2/14/2017,2017,1,706.26
2/15/2017,2017,1,711.57
2/16/2017,2017,1,709.35
2/17/2017,2017,1,707.83
2/20/2017,2017,1,710.59
2/21/2017,2017,1,716.55
2/22/2017,2017,1,717.24
2/23/2017,2017,1,716.87
2/24/2017,2017,1,714.47
2/27/2017,2017,1,717.44
2/28/2017,2017,1,710.79
3/1/2017,2017,1,709.52
3/2/2017,2017,1,707.51
3/3/2017,2017,1,712.62
3/6/2017,2017,1,716.29
3/7/2017,2017,1,716.54
3/8/2017,2017,1,716.6
3/9/2017,2017,1,715.8
3/10/2017,2017,1,712.21
3/13/2017,2017,1,710.17
3/14/2017,2017,1,714.71
3/15/2017,2017,1,713.14
3/16/2017,2017,1,714.92
3/17/2017,2017,1,710.54
3/20/2017,2017,1,715.07
3/21/2017,2017,1,716.18
3/22/2017,2017,1,712.94
3/23/2017,2017,1,719.56
3/24/2017,2017,1,722.14
3/27/2017,2017,1,723.52
3/28/2017,2017,1,719.26
3/29/2017,2017,1,720.47
3/30/2017,2017,1,723.86
3/31/2017,2017,1,722.31
4/3/2017,2017,2,722.38
4/4/2017,2017,2,724.14
4/5/2017,2017,2,723.22
4/7/2017,2017,2,727.95
4/10/2017,2017,2,729.87
4/11/2017,2017,2,731.33
4/12/2017,2017,2,725.58
4/13/2017,2017,2,724.35
4/14/2017,2017,2,718.45
4/17/2017,2017,2,710.83
4/18/2017,2017,2,714.93
4/19/2017,2017,2,716.77
4/20/2017,2017,2,712.66
4/21/2017,2017,2,712.41
4/24/2017,2017,2,709.39
4/25/2017,2017,2,707.58
4/26/2017,2017,2,710.04
4/27/2017,2017,2,716.53
4/28/2017,2017,2,717.73
5/3/2017,2017,2,719.54
5/4/2017,2017,2,722.02
5/5/2017,2017,2,720
5/8/2017,2017,2,718.86
5/9/2017,2017,2,722.11
5/10/2017,2017,2,724.31
5/11/2017,2017,2,724.99
5/12/2017,2017,2,725.37
5/15/2017,2017,2,725.35
5/16/2017,2017,2,725.03
5/17/2017,2017,2,727.2
5/18/2017,2017,2,726.99
5/19/2017,2017,2,733.82
5/22/2017,2017,2,744.1
5/23/2017,2017,2,740.93
5/24/2017,2017,2,742.74
5/25/2017,2017,2,741.91
5/26/2017,2017,2,743.41
5/29/2017,2017,2,746.25
5/30/2017,2017,2,738.21
5/31/2017,2017,2,737.82
6/1/2017,2017,2,741.8
6/2/2017,2017,2,738.81
6/5/2017,2017,2,743.49
6/6/2017,2017,2,751.31
6/7/2017,2017,2,753.46
6/8/2017,2017,2,750.13
6/9/2017,2017,2,749.72
6/12/2017,2017,2,751.09
6/13/2017,2017,2,756.89
6/14/2017,2017,2,760.77
6/15/2017,2017,2,760.57
6/16/2017,2017,2,761.24
6/19/2017,2017,2,766.83
6/20/2017,2017,2,767.99
6/21/2017,2017,2,767.41
6/22/2017,2017,2,766.3
6/23/2017,2017,2,769.01
6/26/2017,2017,2,772.52
6/27/2017,2017,2,767.51
6/28/2017,2017,2,769.04
6/29/2017,2017,2,771.75
6/30/2017,2017,2,776.47
7/3/2017,2017,3,778.88
7/4/2017,2017,3,775.54
7/5/2017,2017,3,778.32
7/6/2017,2017,3,782.65
7/7/2017,2017,3,775.73
7/10/2017,2017,3,766.56
7/11/2017,2017,3,769.36
7/12/2017,2017,3,774.17
7/13/2017,2017,3,778.3
7/14/2017,2017,3,777.6
7/17/2017,2017,3,768.91
7/18/2017,2017,3,767.49
7/19/2017,2017,3,771.3
7/20/2017,2017,3,768.41
7/21/2017,2017,3,761.86
7/24/2017,2017,3,759.74
7/25/2017,2017,3,767.27
7/26/2017,2017,3,773.88
7/27/2017,2017,3,771.5
7/28/2017,2017,3,777.09
7/31/2017,2017,3,783.55
8/1/2017,2017,3,786.81
8/2/2017,2017,3,786.23
8/3/2017,2017,3,788.49
8/4/2017,2017,3,788.68
8/7/2017,2017,3,792.98
8/8/2017,2017,3,791.57
8/9/2017,2017,3,773.66
8/10/2017,2017,3,773.43
8/11/2017,2017,3,772.08
8/14/2017,2017,3,776.17
8/15/2017,2017,3,771.06
8/16/2017,2017,3,773.57
8/17/2017,2017,3,767.59
8/18/2017,2017,3,768.97
8/21/2017,2017,3,768.79
8/22/2017,2017,3,761.26
8/23/2017,2017,3,765.98
8/24/2017,2017,3,769.77
8/25/2017,2017,3,771.63
8/28/2017,2017,3,777.26
8/29/2017,2017,3,774.03
8/30/2017,2017,3,778.65
8/31/2017,2017,3,782.76
9/1/2017,2017,3,788.73
9/5/2017,2017,3,792.31
9/6/2017,2017,3,793.55
9/7/2017,2017,3,796.72
9/8/2017,2017,3,801.2
9/11/2017,2017,3,797.47
9/12/2017,2017,3,799.94
9/13/2017,2017,3,802.78
9/14/2017,2017,3,806.32
9/15/2017,2017,3,805.82
9/18/2017,2017,3,807.87
9/19/2017,2017,3,805.93
9/20/2017,2017,3,805.86
9/21/2017,2017,3,803.93
9/22/2017,2017,3,807.13
9/25/2017,2017,3,805.58
9/26/2017,2017,3,805.35
9/27/2017,2017,3,803.77
9/28/2017,2017,3,804.82
9/29/2017,2017,3,804.42
10/2/2017,2017,4,802.23
10/3/2017,2017,4,798
10/4/2017,2017,4,805.66
10/5/2017,2017,4,805.23
10/6/2017,2017,4,807.8
10/9/2017,2017,4,808.96
10/10/2017,2017,4,810.65
10/11/2017,2017,4,813.95
10/12/2017,2017,4,815.87
10/13/2017,2017,4,820.95
10/16/2017,2017,4,819.43
10/17/2017,2017,4,828.29
10/18/2017,2017,4,827.72
10/19/2017,2017,4,828.93
10/20/2017,2017,4,826.84
10/23/2017,2017,4,820.04
10/24/2017,2017,4,825.24
10/25/2017,2017,4,830.69
10/26/2017,2017,4,830.11
10/27/2017,2017,4,840.37
10/30/2017,2017,4,845.2
10/31/2017,2017,4,837.28
11/1/2017,2017,4,842.71
11/2/2017,2017,4,833.09
11/3/2017,2017,4,843.73
11/6/2017,2017,4,849.09
11/7/2017,2017,4,850.33
11/8/2017,2017,4,859.7
11/9/2017,2017,4,860.4
11/10/2017,2017,4,868.21
11/13/2017,2017,4,879.34
11/14/2017,2017,4,880.9
11/15/2017,2017,4,882.59
11/16/2017,2017,4,892.8
11/17/2017,2017,4,890.69
11/20/2017,2017,4,903.55
11/21/2017,2017,4,918.3
11/22/2017,2017,4,932.66
11/23/2017,2017,4,933.7
11/24/2017,2017,4,935.57
11/27/2017,2017,4,938.61
11/28/2017,2017,4,941.21
11/29/2017,2017,4,952.14
11/30/2017,2017,4,949.93
12/1/2017,2017,4,960.33
12/4/2017,2017,4,970.02
12/5/2017,2017,4,953.3
12/6/2017,2017,4,947.64
12/7/2017,2017,4,938.65
12/8/2017,2017,4,940.16
12/11/2017,2017,4,917.45
12/12/2017,2017,4,927.25
12/13/2017,2017,4,924.4
12/14/2017,2017,4,935.85
12/15/2017,2017,4,935.16
12/18/2017,2017,4,958.06
12/19/2017,2017,4,951.42
12/20/2017,2017,4,953.51
12/21/2017,2017,4,946.06
12/22/2017,2017,4,952.32
12/25/2017,2017,4,958.31
12/26/2017,2017,4,965.93
12/27/2017,2017,4,968.46
12/28/2017,2017,4,976.72
12/29/2017,2017,4,984.24
1/2/2018,2018,1,995.77
1/3/2018,2018,1,1005.67
1/4/2018,2018,1,1019.75
1/5/2018,2018,1,1012.65
1/8/2018,2018,1,1022.9
1/9/2018,2018,1,1033.56
1/10/2018,2018,1,1038.11
1/11/2018,2018,1,1048.17
1/12/2018,2018,1,1050.11
1/15/2018,2018,1,1063.47
1/16/2018,2018,1,1062.96
1/17/2018,2018,1,1034.69
1/18/2018,2018,1,1050.25
1/19/2018,2018,1,1062.07
1/22/2018,2018,1,1087.42
1/25/2018,2018,1,1104.57
1/26/2018,2018,1,1115.64
1/29/2018,2018,1,1109.8
1/30/2018,2018,1,1110.56
1/31/2018,2018,1,1110.36
2/1/2018,2018,1,1099.67
2/2/2018,2018,1,1105.04
2/5/2018,2018,1,1048.71
2/6/2018,2018,1,1011.6
2/7/2018,2018,1,1040.55
2/8/2018,2018,1,1023.25
2/9/2018,2018,1,1003.94
2/12/2018,2018,1,1041.79
2/13/2018,2018,1,1059.73
2/21/2018,2018,1,1087.15
2/22/2018,2018,1,1076.03
2/23/2018,2018,1,1102.85
2/26/2018,2018,1,1114.53
2/27/2018,2018,1,1119.61
2/28/2018,2018,1,1121.54
3/1/2018,2018,1,1115.79
3/2/2018,2018,1,1121.21
3/5/2018,2018,1,1093.48
3/6/2018,2018,1,1120.29
3/7/2018,2018,1,1112.26
3/8/2018,2018,1,1124.15
3/9/2018,2018,1,1123.41
3/12/2018,2018,1,1126.29
3/13/2018,2018,1,1133.31
3/14/2018,2018,1,1138.09
3/15/2018,2018,1,1138.76
3/16/2018,2018,1,1150.19
3/19/2018,2018,1,1159.22
3/20/2018,2018,1,1159.39
3/21/2018,2018,1,1169.36
3/22/2018,2018,1,1172.36
3/23/2018,2018,1,1153.59
3/26/2018,2018,1,1171.22
3/27/2018,2018,1,1171.73
3/28/2018,2018,1,1172.24
3/29/2018,2018,1,1167.03
3/30/2018,2018,1,1174.46
4/2/2018,2018,2,1196.61
4/3/2018,2018,2,1188.29
4/4/2018,2018,2,1191.54
4/5/2018,2018,2,1193.17
4/6/2018,2018,2,1199.96
4/9/2018,2018,2,1204.33
4/10/2018,2018,2,1198.12
4/11/2018,2018,2,1167.11
4/12/2018,2018,2,1173.02
4/13/2018,2018,2,1157.14
4/16/2018,2018,2,1148.49
4/17/2018,2018,2,1153.28
4/18/2018,2018,2,1138.53
4/19/2018,2018,2,1094.63
4/20/2018,2018,2,1119.86
4/23/2018,2018,2,1076.78
4/24/2018,2018,2,1080.74
4/26/2018,2018,2,1044.86
4/27/2018,2018,2,1050.26
5/2/2018,2018,2,1029.08
5/3/2018,2018,2,1026.46
5/4/2018,2018,2,1026.8
5/7/2018,2018,2,1062.26
5/8/2018,2018,2,1060.45
5/9/2018,2018,2,1056.97
5/10/2018,2018,2,1028.87
5/11/2018,2018,2,1044.85
5/14/2018,2018,2,1066.98
5/15/2018,2018,2,1073.5
5/16/2018,2018,2,1054.62
5/17/2018,2018,2,1030.64
5/18/2018,2018,2,1040.54
5/21/2018,2018,2,1014.98
5/22/2018,2018,2,985.91
5/23/2018,2018,2,988.94
5/24/2018,2018,2,985.92
5/25/2018,2018,2,963.9
5/28/2018,2018,2,931.75
5/29/2018,2018,2,952.18
5/30/2018,2018,2,948.5
5/31/2018,2018,2,971.25
6/1/2018,2018,2,992.87
6/4/2018,2018,2,1013.78
6/5/2018,2018,2,1022.74
6/6/2018,2018,2,1034.5
6/7/2018,2018,2,1036.69
6/8/2018,2018,2,1039.01
6/11/2018,2018,2,1039.02
6/12/2018,2018,2,1020.76
6/13/2018,2018,2,1030.53
6/14/2018,2018,2,1015.72
6/15/2018,2018,2,1016.51
6/18/2018,2018,2,987.34
6/19/2018,2018,2,962.16
6/20/2018,2018,2,980.95
6/21/2018,2018,2,969.4
6/22/2018,2018,2,983.17
6/25/2018,2018,2,990.52
6/26/2018,2018,2,983.02
6/27/2018,2018,2,968.91
6/28/2018,2018,2,957.35
6/29/2018,2018,2,960.78
7/2/2018,2018,3,947.15
7/3/2018,2018,3,906.01
7/4/2018,2018,3,914.99
7/5/2018,2018,3,899.4
7/6/2018,2018,3,917.51
7/9/2018,2018,3,915.12
7/10/2018,2018,3,911.12
7/11/2018,2018,3,893.16
7/12/2018,2018,3,898.51
7/13/2018,2018,3,909.72
7/16/2018,2018,3,911.11
7/17/2018,2018,3,921.27
7/18/2018,2018,3,942.39
7/19/2018,2018,3,943.97
7/20/2018,2018,3,933.39
7/23/2018,2018,3,936.74
7/24/2018,2018,3,934.08
7/25/2018,2018,3,927.58
7/26/2018,2018,3,930.16
7/27/2018,2018,3,935.52
7/30/2018,2018,3,949.73
7/31/2018,2018,3,956.39
8/1/2018,2018,3,952.77
8/2/2018,2018,3,953.55
8/3/2018,2018,3,959.6
8/6/2018,2018,3,960.23
8/7/2018,2018,3,956.79
8/8/2018,2018,3,966.27
8/9/2018,2018,3,963.5
8/10/2018,2018,3,968.47
8/13/2018,2018,3,978.04
8/14/2018,2018,3,978.27
8/15/2018,2018,3,961.37
8/16/2018,2018,3,964.28
8/17/2018,2018,3,968.88
8/20/2018,2018,3,969.62
8/21/2018,2018,3,979.21
8/22/2018,2018,3,982.15
8/23/2018,2018,3,987.36
8/24/2018,2018,3,987.05
8/27/2018,2018,3,991.92
8/28/2018,2018,3,995.19
8/29/2018,2018,3,988.17
8/30/2018,2018,3,998.07
8/31/2018,2018,3,989.54
9/4/2018,2018,3,975.94
9/5/2018,2018,3,968.44
9/6/2018,2018,3,958.19
9/7/2018,2018,3,968.9
9/10/2018,2018,3,970.34
9/11/2018,2018,3,985.06
9/12/2018,2018,3,987.01
9/13/2018,2018,3,987.95
9/14/2018,2018,3,991.34
9/17/2018,2018,3,987.61
9/18/2018,2018,3,993.49
9/19/2018,2018,3,995.54
9/20/2018,2018,3,1004.74
9/21/2018,2018,3,1002.97
9/24/2018,2018,3,1011.29
9/25/2018,2018,3,1010.74
9/26/2018,2018,3,1009.61
9/27/2018,2018,3,1015.37
9/28/2018,2018,3,1017.13
10/1/2018,2018,4,1012.88
10/2/2018,2018,4,1018.79
10/3/2018,2018,4,1020.4
10/4/2018,2018,4,1023.62
10/5/2018,2018,4,1008.39
10/8/2018,2018,4,996.12
10/9/2018,2018,4,996.19
10/10/2018,2018,4,993.96
10/11/2018,2018,4,945.89
10/12/2018,2018,4,970.08
10/15/2018,2018,4,951.64
10/16/2018,2018,4,963.37
10/17/2018,2018,4,971.6
10/18/2018,2018,4,963.47
10/19/2018,2018,4,958.36
10/22/2018,2018,4,953.51
10/23/2018,2018,4,939.68
10/24/2018,2018,4,922.73
10/25/2018,2018,4,910.17
10/26/2018,2018,4,900.82
10/29/2018,2018,4,888.82
10/30/2018,2018,4,888.69
10/31/2018,2018,4,914.76
11/1/2018,2018,4,907.96
11/2/2018,2018,4,924.86
11/5/2018,2018,4,925.53
11/6/2018,2018,4,922.05
11/7/2018,2018,4,922.16
11/8/2018,2018,4,926.28
11/9/2018,2018,4,914.29
11/12/2018,2018,4,918.12
11/13/2018,2018,4,905.38
11/14/2018,2018,4,900.93
11/15/2018,2018,4,897.15
11/16/2018,2018,4,898.19
11/19/2018,2018,4,916.06
11/20/2018,2018,4,919.02
11/21/2018,2018,4,922.56
11/22/2018,2018,4,924.42
11/23/2018,2018,4,917.97
11/26/2018,2018,4,921.03
11/27/2018,2018,4,923.12
11/28/2018,2018,4,930.2
11/29/2018,2018,4,926.79
11/30/2018,2018,4,926.54
12/3/2018,2018,4,951.59
12/4/2018,2018,4,958.84
12/5/2018,2018,4,957.14
12/6/2018,2018,4,954.82
12/7/2018,2018,4,958.59
12/10/2018,2018,4,955.89
12/11/2018,2018,4,954.58
12/12/2018,2018,4,961.28
12/13/2018,2018,4,960.25
12/14/2018,2018,4,952.04
12/17/2018,2018,4,933.65
12/18/2018,2018,4,927.25
12/19/2018,2018,4,919.24
12/20/2018,2018,4,918.24
12/21/2018,2018,4,912.26
12/24/2018,2018,4,908.56
12/25/2018,2018,4,897.94
12/26/2018,2018,4,891.75
12/27/2018,2018,4,900.81
12/28/2018,2018,4,892.54
1/2/2019,2019,1,891.75
1/3/2019,2019,1,878.22
1/4/2019,2019,1,880.9
1/7/2019,2019,1,889.64
1/8/2019,2019,1,887.44
1/9/2019,2019,1,896.99
1/10/2019,2019,1,898.3
1/11/2019,2019,1,902.71
1/14/2019,2019,1,901.8
1/15/2019,2019,1,909.68
1/16/2019,2019,1,908.7
1/17/2019,2019,1,901.89
1/18/2019,2019,1,902.3
1/21/2019,2019,1,911.05
1/22/2019,2019,1,906.55
1/23/2019,2019,1,908.18
1/24/2019,2019,1,908.79
1/25/2019,2019,1,908.88
1/28/2019,2019,1,912.18
1/29/2019,2019,1,915.93
1/30/2019,2019,1,915.84
1/31/2019,2019,1,910.65
2/1/2019,2019,1,908.67
2/11/2019,2019,1,926.1
2/12/2019,2019,1,937.54
2/13/2019,2019,1,945.25
2/14/2019,2019,1,952.34
2/15/2019,2019,1,950.89
2/18/2019,2019,1,961.3
2/19/2019,2019,1,964.35
2/20/2019,2019,1,970.58
2/21/2019,2019,1,987.57
2/22/2019,2019,1,988.91
2/25/2019,2019,1,994.43
2/26/2019,2019,1,987.06
2/27/2019,2019,1,990.27
2/28/2019,2019,1,965.47
3/1/2019,2019,1,979.63
3/4/2019,2019,1,993.99
3/5/2019,2019,1,992.45
3/6/2019,2019,1,994.49
3/7/2019,2019,1,994.03
3/8/2019,2019,1,985.25
3/11/2019,2019,1,984.6
3/12/2019,2019,1,1001.32
3/13/2019,2019,1,1005.41
3/14/2019,2019,1,1008.44
3/15/2019,2019,1,1004.12
3/18/2019,2019,1,1011.86
3/19/2019,2019,1,1006.59
3/20/2019,2019,1,1002.3
3/21/2019,2019,1,981.78
3/22/2019,2019,1,988.71
3/25/2019,2019,1,970.07
3/26/2019,2019,1,969.79
3/27/2019,2019,1,975.91
3/28/2019,2019,1,982.98
3/29/2019,2019,1,980.76
4/1/2019,2019,2,988.53
4/2/2019,2019,2,985.81
4/3/2019,2019,2,984.46
4/4/2019,2019,2,986.91
4/5/2019,2019,2,989.26
4/8/2019,2019,2,997.56
4/9/2019,2019,2,988.48
4/10/2019,2019,2,981.91
4/11/2019,2019,2,985.95
4/12/2019,2019,2,982.9
4/16/2019,2019,2,977.17
4/17/2019,2019,2,972.1
4/18/2019,2019,2,962.3
4/19/2019,2019,2,966.21
4/22/2019,2019,2,965.86
4/23/2019,2019,2,968
4/24/2019,2019,2,976.92
4/25/2019,2019,2,974.13
4/26/2019,2019,2,979.64
5/2/2019,2019,2,978.5
5/3/2019,2019,2,974.14
5/6/2019,2019,2,957.97
5/7/2019,2019,2,957.56
5/8/2019,2019,2,951.22
5/9/2019,2019,2,947.01
5/10/2019,2019,2,952.55
5/13/2019,2019,2,958.54
5/14/2019,2019,2,965.34
5/15/2019,2019,2,975.64
5/16/2019,2019,2,975.69
5/17/2019,2019,2,976.48
5/20/2019,2019,2,987.13
5/21/2019,2019,2,986.29
5/22/2019,2019,2,983.78
5/23/2019,2019,2,982.71
5/24/2019,2019,2,970.03
5/27/2019,2019,2,975.14
5/28/2019,2019,2,972
5/29/2019,2019,2,971.54
5/30/2019,2019,2,969.34
5/31/2019,2019,2,959.88
6/3/2019,2019,2,946.47
6/4/2019,2019,2,951.16
6/5/2019,2019,2,951.41
6/6/2019,2019,2,948.21
6/7/2019,2019,2,958.28
6/10/2019,2019,2,962.9
6/11/2019,2019,2,962.07
6/12/2019,2019,2,954.17
6/13/2019,2019,2,950.08
6/14/2019,2019,2,953.61
6/17/2019,2019,2,946.95
6/18/2019,2019,2,944.01
6/19/2019,2019,2,949.69
6/20/2019,2019,2,959.18
6/21/2019,2019,2,959.2
6/24/2019,2019,2,962.85
6/25/2019,2019,2,960.13
6/26/2019,2019,2,959.13
6/27/2019,2019,2,943.11
6/28/2019,2019,2,949.94
7/1/2019,2019,3,965.61
7/2/2019,2019,3,961.98
7/3/2019,2019,3,960.39
7/4/2019,2019,3,973.04
7/5/2019,2019,3,975.34
7/8/2019,2019,3,966.35
7/9/2019,2019,3,969.05
7/10/2019,2019,3,973.65
7/11/2019,2019,3,978.63
7/12/2019,2019,3,975.4
7/15/2019,2019,3,972.53
7/16/2019,2019,3,982.11
7/17/2019,2019,3,982.57
7/18/2019,2019,3,976.05
7/19/2019,2019,3,982.34
7/22/2019,2019,3,982.04
7/23/2019,2019,3,989.46
7/24/2019,2019,3,988.41
7/25/2019,2019,3,994.95
7/26/2019,2019,3,993.35
7/29/2019,2019,3,997.94
7/30/2019,2019,3,986.02
7/31/2019,2019,3,991.66
8/1/2019,2019,3,997.39
8/2/2019,2019,3,991.1
8/5/2019,2019,3,973.15
8/6/2019,2019,3,964.61
8/7/2019,2019,3,965.93
8/8/2019,2019,3,975.24
8/9/2019,2019,3,974.34
8/12/2019,2019,3,975.31
8/13/2019,2019,3,966.83
8/14/2019,2019,3,968.91
8/15/2019,2019,3,979.38
8/16/2019,2019,3,980
8/19/2019,2019,3,981.03
8/20/2019,2019,3,984.67
8/21/2019,2019,3,994.38
8/22/2019,2019,3,997.26
8/23/2019,2019,3,992.45
8/26/2019,2019,3,982.88
8/27/2019,2019,3,976.79
8/28/2019,2019,3,977.26
8/29/2019,2019,3,978.59
8/30/2019,2019,3,984.06
9/3/2019,2019,3,979.36
9/4/2019,2019,3,977.63
9/5/2019,2019,3,976.79
9/6/2019,2019,3,974.08
9/9/2019,2019,3,974.12
9/10/2019,2019,3,970.26
9/11/2019,2019,3,969.31
9/12/2019,2019,3,976.07
9/13/2019,2019,3,987.22
9/16/2019,2019,3,989.86
9/17/2019,2019,3,996.74
9/18/2019,2019,3,995.15
9/19/2019,2019,3,997.1
9/20/2019,2019,3,990.36
9/23/2019,2019,3,985.75
9/24/2019,2019,3,988.13
9/25/2019,2019,3,987.3
9/26/2019,2019,3,990.75
9/27/2019,2019,3,997.84
9/30/2019,2019,3,996.56
10/1/2019,2019,4,999.59
10/2/2019,2019,4,991.19
10/3/2019,2019,4,992.45
10/4/2019,2019,4,987.59
10/7/2019,2019,4,983.09
10/8/2019,2019,4,988.22
10/9/2019,2019,4,987.83
10/10/2019,2019,4,987.38
10/11/2019,2019,4,991.84
10/14/2019,2019,4,993.57
10/15/2019,2019,4,993.05
10/16/2019,2019,4,994.46
10/17/2019,2019,4,989.82
10/18/2019,2019,4,989.2
10/21/2019,2019,4,983.56
10/22/2019,2019,4,987.19
10/23/2019,2019,4,987.79
10/24/2019,2019,4,993.6
10/25/2019,2019,4,996.57
10/28/2019,2019,4,996.48
10/29/2019,2019,4,995.87
10/30/2019,2019,4,1000.89
10/31/2019,2019,4,998.82
11/1/2019,2019,4,1015.59
11/4/2019,2019,4,1022.43
11/5/2019,2019,4,1024.34
11/6/2019,2019,4,1024.91
11/7/2019,2019,4,1024.03
11/8/2019,2019,4,1022.49
11/11/2019,2019,4,1016.75
11/12/2019,2019,4,1018.33
11/13/2019,2019,4,1012.77
11/14/2019,2019,4,1012.3
11/15/2019,2019,4,1010.03
11/18/2019,2019,4,1002.91
11/19/2019,2019,4,1008.35
11/20/2019,2019,4,1000.56
11/21/2019,2019,4,987.89
11/22/2019,2019,4,977.78
11/25/2019,2019,4,976.35
11/26/2019,2019,4,976.79
11/27/2019,2019,4,978.17
11/28/2019,2019,4,970.39
11/29/2019,2019,4,970.75
12/2/2019,2019,4,959.31
12/3/2019,2019,4,953.43
12/4/2019,2019,4,965.9
12/5/2019,2019,4,963.27
12/6/2019,2019,4,963.56
12/9/2019,2019,4,966.06
12/10/2019,2019,4,960.3
12/11/2019,2019,4,961.78
12/12/2019,2019,4,968.17
12/13/2019,2019,4,966.18
12/16/2019,2019,4,961.47
12/17/2019,2019,4,954.03
12/18/2019,2019,4,951.13
12/19/2019,2019,4,952.26
12/20/2019,2019,4,956.41
12/23/2019,2019,4,959.43
12/24/2019,2019,4,958.88
12/25/2019,2019,4,960.92
12/26/2019,2019,4,958.59
12/27/2019,2019,4,963.51
12/30/2019,2019,4,965.03
12/31/2019,2019,4,960.99
1/2/2020,2020,1,966.67
1/3/2020,2020,1,965.14
1/6/2020,2020,1,955.79
1/7/2020,2020,1,958.88
1/8/2020,2020,1,948.98
1/9/2020,2020,1,960.15
1/10/2020,2020,1,968.54
1/13/2020,2020,1,965.84
1/14/2020,2020,1,967
1/15/2020,2020,1,967.56
1/16/2020,2020,1,974.31
1/17/2020,2020,1,978.96
1/20/2020,2020,1,978.63
1/21/2020,2020,1,986.37
1/22/2020,2020,1,991.46
1/30/2020,2020,1,959.58
1/31/2020,2020,1,936.62
2/3/2020,2020,1,928.14
2/4/2020,2020,1,929.09
2/5/2020,2020,1,925.91
2/6/2020,2020,1,938.54
2/7/2020,2020,1,940.75
2/10/2020,2020,1,930.73
2/11/2020,2020,1,934.67
2/12/2020,2020,1,937.68
2/13/2020,2020,1,938.24
2/14/2020,2020,1,937.45
2/17/2020,2020,1,934.77
2/18/2020,2020,1,927.93
2/19/2020,2020,1,928.76
2/20/2020,2020,1,938.13
2/21/2020,2020,1,933.09
2/24/2020,2020,1,903.34
2/25/2020,2020,1,909.67
2/26/2020,2020,1,895.97
2/27/2020,2020,1,898.44
2/28/2020,2020,1,882.19
3/2/2020,2020,1,884.43
3/3/2020,2020,1,890.61
3/4/2020,2020,1,889.37
3/5/2020,2020,1,893.31
3/6/2020,2020,1,891.44
3/9/2020,2020,1,835.49
3/10/2020,2020,1,837.5
3/11/2020,2020,1,811.35
3/12/2020,2020,1,769.25
3/13/2020,2020,1,761.78
3/16/2020,2020,1,747.86
3/17/2020,2020,1,745.78
3/18/2020,2020,1,747.66
3/19/2020,2020,1,725.94
3/20/2020,2020,1,709.73
3/23/2020,2020,1,666.59
3/24/2020,2020,1,659.21
3/25/2020,2020,1,690.25
3/26/2020,2020,1,694.21
3/27/2020,2020,1,696.06
3/30/2020,2020,1,662.26
3/31/2020,2020,1,662.53
4/1/2020,2020,2,680.23
4/3/2020,2020,2,701.8
4/6/2020,2020,2,736.75
4/7/2020,2020,2,746.69
4/8/2020,2020,2,748.02
4/9/2020,2020,2,760.33
4/10/2020,2020,2,757.94
4/13/2020,2020,2,765.79
4/14/2020,2020,2,767.41
4/15/2020,2020,2,777.22
4/16/2020,2020,2,780.7
4/17/2020,2020,2,789.6
4/20/2020,2020,2,794.97
4/21/2020,2020,2,766.84
4/22/2020,2020,2,768.92
4/23/2020,2020,2,773.91
4/24/2020,2020,2,776.66
4/27/2020,2020,2,770.77
4/28/2020,2020,2,767.21
4/29/2020,2020,2,769.11
5/4/2020,2020,2,762.47
5/5/2020,2020,2,764.16
5/6/2020,2020,2,782.59
5/7/2020,2020,2,796.54
5/8/2020,2020,2,813.73
5/11/2020,2020,2,828.33
5/12/2020,2020,2,835.32
5/13/2020,2020,2,834.21
5/14/2020,2020,2,832.4
5/15/2020,2020,2,827.03
5/18/2020,2020,2,837.01
5/19/2020,2020,2,845.92
5/20/2020,2020,2,852.91
5/21/2020,2020,2,862.73
5/22/2020,2020,2,852.74
5/25/2020,2020,2,859.04
5/26/2020,2020,2,869.13
5/27/2020,2020,2,857.48
5/28/2020,2020,2,861.39
5/29/2020,2020,2,864.47
6/1/2020,2020,2,878.67
6/2/2020,2020,2,874.8
6/3/2020,2020,2,881.17
6/4/2020,2020,2,883.9
6/5/2020,2020,2,886.22
6/8/2020,2020,2,899.92
6/9/2020,2020,2,903.1
6/10/2020,2020,2,900.68
6/11/2020,2020,2,867.37
6/12/2020,2020,2,863.52
6/15/2020,2020,2,832.47
6/16/2020,2020,2,856.13
6/17/2020,2020,2,854.44
6/18/2020,2020,2,855.27
6/19/2020,2020,2,868.56
6/22/2020,2020,2,871.28
6/23/2020,2020,2,868.2
6/24/2020,2020,2,859.71
6/25/2020,2020,2,854.59
6/26/2020,2020,2,851.98
6/29/2020,2020,2,829.36
6/30/2020,2020,2,825.11
7/1/2020,2020,3,843.49
7/2/2020,2020,3,842.38
7/3/2020,2020,3,847.61
7/6/2020,2020,3,861.16
7/7/2020,2020,3,863.42
7/8/2020,2020,3,864.5
7/9/2020,2020,3,876.46
7/10/2020,2020,3,871.21
7/13/2020,2020,3,868.72
7/14/2020,2020,3,868.11
7/15/2020,2020,3,869.91
7/16/2020,2020,3,876.83
7/17/2020,2020,3,872.02
7/20/2020,2020,3,861.4
7/21/2020,2020,3,861.69
7/22/2020,2020,3,855.08
7/23/2020,2020,3,856.75
7/24/2020,2020,3,829.16
7/27/2020,2020,3,785.17
7/28/2020,2020,3,813.36
7/29/2020,2020,3,790.84
7/30/2020,2020,3,801.13
7/31/2020,2020,3,798.39
8/3/2020,2020,3,814.65
8/4/2020,2020,3,827.57
8/5/2020,2020,3,837.8
8/6/2020,2020,3,840.04
8/7/2020,2020,3,841.46
8/10/2020,2020,3,843.2
8/11/2020,2020,3,843.08
8/12/2020,2020,3,846.92
8/13/2020,2020,3,855.05
8/14/2020,2020,3,850.74
8/17/2020,2020,3,850.15
8/18/2020,2020,3,846.43
8/19/2020,2020,3,851.21
8/20/2020,2020,3,848.21
8/21/2020,2020,3,854.78
8/24/2020,2020,3,868.68
8/25/2020,2020,3,874.12
8/26/2020,2020,3,873.47
8/27/2020,2020,3,874.71
8/28/2020,2020,3,878.98
8/31/2020,2020,3,881.65
9/1/2020,2020,3,891.73
9/3/2020,2020,3,903.97
9/4/2020,2020,3,901.54
9/7/2020,2020,3,888.25
9/8/2020,2020,3,890.14
9/9/2020,2020,3,889.32
9/10/2020,2020,3,888.82
9/11/2020,2020,3,888.97
9/14/2020,2020,3,894.57
9/15/2020,2020,3,896.26
9/16/2020,2020,3,897.47
9/17/2020,2020,3,894.04
9/18/2020,2020,3,900.95
9/21/2020,2020,3,907.94
9/22/2020,2020,3,906.19
9/23/2020,2020,3,912.5
9/24/2020,2020,3,908.58
9/25/2020,2020,3,908.27
9/28/2020,2020,3,912.5
9/29/2020,2020,3,903.98
9/30/2020,2020,3,905.21
10/1/2020,2020,4,914.09
10/2/2020,2020,4,909.91
10/5/2020,2020,4,914.68
10/6/2020,2020,4,915.67
10/7/2020,2020,4,919.72
10/8/2020,2020,4,918.84
10/9/2020,2020,4,924
10/12/2020,2020,4,925.83
10/13/2020,2020,4,929.86
10/14/2020,2020,4,940.18
10/15/2020,2020,4,942.76
10/16/2020,2020,4,943.3
10/19/2020,2020,4,943.69
10/20/2020,2020,4,944.42
10/21/2020,2020,4,939.03
10/22/2020,2020,4,949.9
10/23/2020,2020,4,961.26
10/26/2020,2020,4,950.8
10/27/2020,2020,4,946.47
10/28/2020,2020,4,921.05
10/29/2020,2020,4,919.08
10/30/2020,2020,4,925.47
11/2/2020,2020,4,933.68
11/3/2020,2020,4,935.41
11/4/2020,2020,4,939.76
11/5/2020,2020,4,937.75
11/6/2020,2020,4,938.29
11/9/2020,2020,4,951.99
11/10/2020,2020,4,951.9
11/11/2020,2020,4,952.22
11/12/2020,2020,4,959.28
11/13/2020,2020,4,966.29
11/16/2020,2020,4,950.79
11/17/2020,2020,4,968.9
11/18/2020,2020,4,973.53
11/19/2020,2020,4,983.26
11/20/2020,2020,4,990
11/23/2020,2020,4,994.19
11/24/2020,2020,4,995.76
11/25/2020,2020,4,999.94
11/26/2020,2020,4,1005.97
11/27/2020,2020,4,1010.22
11/30/2020,2020,4,1003.08
12/1/2020,2020,4,1008.87
12/2/2020,2020,4,1014.32
12/3/2020,2020,4,1019.8
12/4/2020,2020,4,1021.49
12/7/2020,2020,4,1029.98
12/8/2020,2020,4,1029.26
12/9/2020,2020,4,1039.13
12/10/2020,2020,4,1030.91
12/11/2020,2020,4,1045.96
12/14/2020,2020,4,1064.09
12/15/2020,2020,4,1055.27
12/16/2020,2020,4,1066.99
12/17/2020,2020,4,1051.77
12/18/2020,2020,4,1067.46
12/21/2020,2020,4,1081.08
12/22/2020,2020,4,1083.45
12/23/2020,2020,4,1078.9
12/24/2020,2020,4,1067.52
12/25/2020,2020,4,1084.42
12/28/2020,2020,4,1091.33
12/29/2020,2020,4,1099.49
12/30/2020,2020,4,1097.54
12/31/2020,2020,4,1103.87
1/4/2021,2021,1,1120.47
1/5/2021,2021,1,1132.55
1/6/2021,2021,1,1143.21
1/7/2021,2021,1,1156.49
1/8/2021,2021,1,1167.69
1/11/2021,2021,1,1184.89
1/12/2021,2021,1,1192.28
1/13/2021,2021,1,1186.05
1/14/2021,2021,1,1187.4
1/15/2021,2021,1,1194.2
1/18/2021,2021,1,1191.94
1/19/2021,2021,1,1131
1/20/2021,2021,1,1134.68
1/21/2021,2021,1,1164.21
1/22/2021,2021,1,1166.78
1/25/2021,2021,1,1166.05
1/26/2021,2021,1,1136.12
1/27/2021,2021,1,1097.17
1/28/2021,2021,1,1023.94
1/29/2021,2021,1,1056.61
2/1/2021,2021,1,1035.51
2/2/2021,2021,1,1075.53
2/3/2021,2021,1,1111.29
2/4/2021,2021,1,1112.19
2/5/2021,2021,1,1126.91
2/8/2021,2021,1,1083.18
2/9/2021,2021,1,1114.93
2/17/2021,2021,1,1155.78
2/18/2021,2021,1,1174.38
2/19/2021,2021,1,1173.5
2/22/2021,2021,1,1175.04
2/23/2021,2021,1,1177.64
2/24/2021,2021,1,1162.01
2/25/2021,2021,1,1165.43
2/26/2021,2021,1,1168.47
3/1/2021,2021,1,1186.17
3/2/2021,2021,1,1186.61
3/3/2021,2021,1,1186.95
3/4/2021,2021,1,1168.52
3/5/2021,2021,1,1168.69
3/8/2021,2021,1,1168.27
3/9/2021,2021,1,1161.97
3/10/2021,2021,1,1170.08
3/11/2021,2021,1,1181.73
3/12/2021,2021,1,1181.56
3/15/2021,2021,1,1184.56
3/16/2021,2021,1,1179.9
3/17/2021,2021,1,1186.09
3/18/2021,2021,1,1200.94
3/19/2021,2021,1,1194.05
3/22/2021,2021,1,1194.43
3/23/2021,2021,1,1183.45
3/24/2021,2021,1,1161.81
3/25/2021,2021,1,1163.1
3/26/2021,2021,1,1162.21
3/29/2021,2021,1,1175.68
3/30/2021,2021,1,1186.36
3/31/2021,2021,1,1191.44
4/1/2021,2021,2,1216.1
4/2/2021,2021,2,1224.45
4/5/2021,2021,2,1236.05
4/6/2021,2021,2,1239.96
4/7/2021,2021,2,1242.38
4/8/2021,2021,2,1234.89
4/9/2021,2021,2,1231.66
4/12/2021,2021,2,1252.45
4/13/2021,2021,2,1248.33
4/14/2021,2021,2,1255.87
4/15/2021,2021,2,1247.25
4/16/2021,2021,2,1238.71
4/19/2021,2021,2,1260.58
4/20/2021,2021,2,1268.28
4/22/2021,2021,2,1227.82
4/23/2021,2021,2,1248.53
4/26/2021,2021,2,1215.77
4/27/2021,2021,2,1219.75
4/28/2021,2021,2,1229.55
4/29/2021,2021,2,1239.39
5/4/2021,2021,2,1242.2
5/5/2021,2021,2,1256.43
5/6/2021,2021,2,1250.57
5/7/2021,2021,2,1241.81
5/10/2021,2021,2,1259.58
5/11/2021,2021,2,1256.04
5/12/2021,2021,2,1269.09
5/13/2021,2021,2,1261.99
5/14/2021,2021,2,1266.36
5/17/2021,2021,2,1258.7
5/18/2021,2021,2,1252.68
5/19/2021,2021,2,1262.49
5/20/2021,2021,2,1278.22
5/21/2021,2021,2,1283.93
5/24/2021,2021,2,1297.98
5/25/2021,2021,2,1308.58
5/26/2021,2021,2,1316.7
5/27/2021,2021,2,1303.57
5/28/2021,2021,2,1320.46
5/31/2021,2021,2,1328.05
6/1/2021,2021,2,1337.78
6/2/2021,2021,2,1340.78
6/3/2021,2021,2,1364.28
6/4/2021,2021,2,1374.05
6/7/2021,2021,2,1358.78
6/8/2021,2021,2,1319.88
6/9/2021,2021,2,1332.9
6/10/2021,2021,2,1323.58
6/11/2021,2021,2,1351.74
6/14/2021,2021,2,1361.72
6/15/2021,2021,2,1367.36
6/16/2021,2021,2,1356.52
6/17/2021,2021,2,1359.92
6/18/2021,2021,2,1377.77
6/21/2021,2021,2,1372.63
6/22/2021,2021,2,1379.97
6/23/2021,2021,2,1376.87
6/24/2021,2021,2,1379.72
6/25/2021,2021,2,1390.12
6/28/2021,2021,2,1405.81
6/29/2021,2021,2,1410.04
6/30/2021,2021,2,1408.55
7/1/2021,2021,3,1417.08
7/2/2021,2021,3,1420.27
7/5/2021,2021,3,1411.13
7/6/2021,2021,3,1354.79
7/7/2021,2021,3,1388.55
7/8/2021,2021,3,1374.68
7/9/2021,2021,3,1347.14
7/12/2021,2021,3,1296.3
7/13/2021,2021,3,1297.54
7/14/2021,2021,3,1279.91
7/15/2021,2021,3,1293.92
7/16/2021,2021,3,1299.31
7/19/2021,2021,3,1243.51
7/20/2021,2021,3,1273.29
7/21/2021,2021,3,1270.79
7/22/2021,2021,3,1293.67
7/23/2021,2021,3,1268.83
7/26/2021,2021,3,1272.71
7/27/2021,2021,3,1276.93
7/28/2021,2021,3,1277.07
7/29/2021,2021,3,1293.6
7/30/2021,2021,3,1310.05
8/2/2021,2021,3,1314.22
8/3/2021,2021,3,1332.44
8/4/2021,2021,3,1334.74
8/5/2021,2021,3,1345.55
8/6/2021,2021,3,1341.45
8/9/2021,2021,3,1359.86
8/10/2021,2021,3,1362.43
8/11/2021,2021,3,1357.79
8/12/2021,2021,3,1353.05
8/13/2021,2021,3,1357.05
8/16/2021,2021,3,1370.96
8/17/2021,2021,3,1363.09
8/18/2021,2021,3,1360.94
8/19/2021,2021,3,1374.85
8/20/2021,2021,3,1329.43
8/23/2021,2021,3,1298.86
8/24/2021,2021,3,1298.74
8/25/2021,2021,3,1309.55
8/26/2021,2021,3,1301.12
8/27/2021,2021,3,1313.2
8/30/2021,2021,3,1328.14
8/31/2021,2021,3,1331.47
9/1/2021,2021,3,1334.65
9/6/2021,2021,3,1346.39
9/7/2021,2021,3,1341.9
9/8/2021,2021,3,1333.61
9/9/2021,2021,3,1343.98
9/10/2021,2021,3,1345.31
9/13/2021,2021,3,1341.43
9/14/2021,2021,3,1339.7
9/15/2021,2021,3,1345.83
9/16/2021,2021,3,1345.87
9/17/2021,2021,3,1352.64
9/20/2021,2021,3,1350.48
9/21/2021,2021,3,1339.84
9/22/2021,2021,3,1350.68
9/23/2021,2021,3,1352.76
9/24/2021,2021,3,1351.17
9/27/2021,2021,3,1324.99
9/28/2021,2021,3,1339.31
9/29/2021,2021,3,1339.21
9/30/2021,2021,3,1342.06
10/1/2021,2021,4,1334.89
10/4/2021,2021,4,1339.54
10/5/2021,2021,4,1354.63
10/6/2021,2021,4,1362.82
10/7/2021,2021,4,1365.99
10/8/2021,2021,4,1372.73
10/11/2021,2021,4,1394.09
10/12/2021,2021,4,1394.8
10/13/2021,2021,4,1391.91
10/14/2021,2021,4,1391.85
10/15/2021,2021,4,1392.7
10/18/2021,2021,4,1395.53
10/19/2021,2021,4,1395.33
10/20/2021,2021,4,1393.8
10/21/2021,2021,4,1384.77
10/22/2021,2021,4,1389.24
10/25/2021,2021,4,1385.4
10/26/2021,2021,4,1391.63
10/27/2021,2021,4,1423.02
10/28/2021,2021,4,1438.01
10/29/2021,2021,4,1444.27
11/1/2021,2021,4,1438.97
11/2/2021,2021,4,1452.46
11/3/2021,2021,4,1444.3
11/4/2021,2021,4,1448.34
11/5/2021,2021,4,1456.51
11/8/2021,2021,4,1467.57
11/9/2021,2021,4,1461.5
11/10/2021,2021,4,1465.02
11/11/2021,2021,4,1462.35
11/12/2021,2021,4,1473.37
11/15/2021,2021,4,1476.57
11/16/2021,2021,4,1466.45
11/17/2021,2021,4,1475.85
11/18/2021,2021,4,1469.83
11/19/2021,2021,4,1452.35
11/22/2021,2021,4,1447.25
11/23/2021,2021,4,1463.63
11/24/2021,2021,4,1488.87
11/25/2021,2021,4,1500.81
11/26/2021,2021,4,1493.03
11/29/2021,2021,4,1484.84
11/30/2021,2021,4,1478.44
12/1/2021,2021,4,1485.19
12/2/2021,2021,4,1482.05
12/3/2021,2021,4,1443.32
12/6/2021,2021,4,1413.58
12/7/2021,2021,4,1446.77
12/8/2021,2021,4,1452.87
12/9/2021,2021,4,1467.98
12/10/2021,2021,4,1463.54
12/13/2021,2021,4,1476.21
12/14/2021,2021,4,1476.02
12/15/2021,2021,4,1475.5
12/16/2021,2021,4,1476.61
12/17/2021,2021,4,1479.79
12/20/2021,2021,4,1477.33
12/21/2021,2021,4,1478.74
12/22/2021,2021,4,1477.67
12/23/2021,2021,4,1456.96
12/24/2021,2021,4,1477.03
12/27/2021,2021,4,1488.88
12/28/2021,2021,4,1494.39
12/29/2021,2021,4,1485.82
12/30/2021,2021,4,1485.97
12/31/2021,2021,4,1498.28
1/4/2022,2022,1,1525.58
1/5/2022,2022,1,1522.5
1/6/2022,2022,1,1528.57
1/7/2022,2022,1,1528.48
1/10/2022,2022,1,1503.71
1/11/2022,2022,1,1492.31
1/12/2022,2022,1,1510.51
1/13/2022,2022,1,1496.05
1/14/2022,2022,1,1496.02
1/17/2022,2022,1,1452.84
1/18/2022,2022,1,1438.94
1/19/2022,2022,1,1442.79
1/20/2022,2022,1,1465.3
1/21/2022,2022,1,1472.89
1/24/2022,2022,1,1439.71
1/25/2022,2022,1,1479.58
1/26/2022,2022,1,1481.58
1/27/2022,2022,1,1470.76
1/28/2022,2022,1,1478.96
2/7/2022,2022,1,1497.66
2/8/2022,2022,1,1500.99
2/9/2022,2022,1,1505.38
2/10/2022,2022,1,1506.79
2/11/2022,2022,1,1501.71
2/14/2022,2022,1,1471.96
2/15/2022,2022,1,1492.75
2/16/2022,2022,1,1492.1
2/17/2022,2022,1,1507.99
2/18/2022,2022,1,1504.84
2/21/2022,2022,1,1510.84
2/22/2022,2022,1,1503.47
2/23/2022,2022,1,1512.3
2/24/2022,2022,1,1494.85
2/25/2022,2022,1,1498.89
2/28/2022,2022,1,1490.13
3/1/2022,2022,1,1498.78
3/2/2022,2022,1,1485.52
3/3/2022,2022,1,1505
3/4/2022,2022,1,1505.33
3/7/2022,2022,1,1499.05
3/8/2022,2022,1,1473.71
3/9/2022,2022,1,1473.74
3/10/2022,2022,1,1479.08
3/11/2022,2022,1,1466.54
3/14/2022,2022,1,1446.25
3/15/2022,2022,1,1452.74
3/16/2022,2022,1,1459.33
3/17/2022,2022,1,1461.34
3/18/2022,2022,1,1469.1
3/21/2022,2022,1,1494.95
3/22/2022,2022,1,1503.78
3/23/2022,2022,1,1502.34
3/24/2022,2022,1,1498.26
3/25/2022,2022,1,1498.5
3/28/2022,2022,1,1483.18
3/29/2022,2022,1,1497.76
3/30/2022,2022,1,1490.51
3/31/2022,2022,1,1492.15
4/1/2022,2022,2,1516.44
4/4/2022,2022,2,1524.7
4/5/2022,2022,2,1520.03
4/6/2022,2022,2,1522.9
4/7/2022,2022,2,1502.35
4/8/2022,2022,2,1482
4/12/2022,2022,2,1455.25
4/13/2022,2022,2,1477.2
4/14/2022,2022,2,1472.12
4/15/2022,2022,2,1458.56
4/18/2022,2022,2,1432.6
4/19/2022,2022,2,1406.45
4/20/2022,2022,2,1384.72
4/21/2022,2022,2,1370.21
4/22/2022,2022,2,1379.23
4/25/2022,2022,2,1310.92
4/26/2022,2022,2,1341.34
4/27/2022,2022,2,1353.77
4/28/2022,2022,2,1350.99
4/29/2022,2022,2,1366.8
5/4/2022,2022,2,1348.68
5/5/2022,2022,2,1360.68
5/6/2022,2022,2,1329.26
5/9/2022,2022,2,1269.62
5/10/2022,2022,2,1293.56
5/11/2022,2022,2,1301.53
5/12/2022,2022,2,1238.84
5/13/2022,2022,2,1182.77
5/16/2022,2022,2,1171.95
5/17/2022,2022,2,1228.37
5/18/2022,2022,2,1240.76
5/19/2022,2022,2,1241.64
5/20/2022,2022,2,1240.71
5/23/2022,2022,2,1218.81
5/24/2022,2022,2,1233.38
5/25/2022,2022,2,1268.43
5/26/2022,2022,2,1268.57
5/27/2022,2022,2,1285.45
5/30/2022,2022,2,1293.92
5/31/2022,2022,2,1292.68
6/1/2022,2022,2,1299.52
6/2/2022,2022,2,1288.62
6/3/2022,2022,2,1287.98
6/6/2022,2022,2,1290.01
6/7/2022,2022,2,1291.35
6/8/2022,2022,2,1307.91
6/9/2022,2022,2,1307.8
6/10/2022,2022,2,1284.08
6/13/2022,2022,2,1227.04
6/14/2022,2022,2,1230.31
6/15/2022,2022,2,1213.93
6/16/2022,2022,2,1236.63
6/17/2022,2022,2,1217.3
6/20/2022,2022,2,1180.4
6/21/2022,2022,2,1172.47
6/22/2022,2022,2,1169.27
6/23/2022,2022,2,1188.88
6/24/2022,2022,2,1185.48
6/27/2022,2022,2,1202.82
6/28/2022,2022,2,1218.1
6/29/2022,2022,2,1218.09
6/30/2022,2022,2,1197.6
7/1/2022,2022,3,1198.9
7/4/2022,2022,3,1195.53
7/5/2022,2022,3,1181.29
7/6/2022,2022,3,1149.61
7/7/2022,2022,3,1166.48
7/8/2022,2022,3,1171.31
7/11/2022,2022,3,1155.29
7/12/2022,2022,3,1174.82
7/13/2022,2022,3,1173.92
7/14/2022,2022,3,1182.17
7/15/2022,2022,3,1179.25
7/18/2022,2022,3,1176.49
7/19/2022,2022,3,1178.33
7/20/2022,2022,3,1194.14
7/21/2022,2022,3,1198.47
7/22/2022,2022,3,1194.76
7/25/2022,2022,3,1188.5
7/26/2022,2022,3,1185.07
7/27/2022,2022,3,1191.04
7/28/2022,2022,3,1208.12
7/29/2022,2022,3,1206.33
8/1/2022,2022,3,1231.35
8/2/2022,2022,3,1241.62
8/3/2022,2022,3,1249.76
8/4/2022,2022,3,1254.15
8/5/2022,2022,3,1252.74
8/8/2022,2022,3,1256.75
8/9/2022,2022,3,1258.85
8/10/2022,2022,3,1256.5
8/11/2022,2022,3,1252.07
8/12/2022,2022,3,1262.33
8/15/2022,2022,3,1274.2
8/16/2022,2022,3,1274.69
8/17/2022,2022,3,1275.28
8/18/2022,2022,3,1273.66
8/19/2022,2022,3,1269.18
8/22/2022,2022,3,1260.43
8/23/2022,2022,3,1270.81
8/24/2022,2022,3,1277.16
8/25/2022,2022,3,1288.88
8/26/2022,2022,3,1282.57
8/29/2022,2022,3,1270.8
8/30/2022,2022,3,1279.39
8/31/2022,2022,3,1280.51
9/5/2022,2022,3,1277.35
9/6/2022,2022,3,1277.4
9/7/2022,2022,3,1243.17
9/8/2022,2022,3,1234.6
9/9/2022,2022,3,1248.78
9/12/2022,2022,3,1249.62
9/13/2022,2022,3,1248.4
9/14/2022,2022,3,1240.77
9/15/2022,2022,3,1245.66
9/16/2022,2022,3,1234.03
9/19/2022,2022,3,1205.43
9/20/2022,2022,3,1218.93
9/21/2022,2022,3,1210.55
9/22/2022,2022,3,1214.7
9/23/2022,2022,3,1203.28
9/26/2022,2022,3,1174.35
9/27/2022,2022,3,1166.54
9/28/2022,2022,3,1143.62
9/29/2022,2022,3,1126.07
9/30/2022,2022,3,1132.11
10/3/2022,2022,4,1086.44
10/4/2022,2022,4,1078.14
10/5/2022,2022,4,1104.26
10/6/2022,2022,4,1074.52
10/7/2022,2022,4,1035.91
10/10/2022,2022,4,1042.48
10/11/2022,2022,4,1006.2
10/12/2022,2022,4,1034.81
10/13/2022,2022,4,1050.99
10/14/2022,2022,4,1061.85
10/17/2022,2022,4,1051.58
10/18/2022,2022,4,1063.66
10/19/2022,2022,4,1060.07
10/20/2022,2022,4,1058.45
10/21/2022,2022,4,1019.82
10/24/2022,2022,4,986.15
10/25/2022,2022,4,997.7
10/26/2022,2022,4,993.36
10/27/2022,2022,4,1028.01
10/28/2022,2022,4,1027.36
10/31/2022,2022,4,1027.94
11/1/2022,2022,4,1033.75
11/2/2022,2022,4,1023.19
11/3/2022,2022,4,1019.81
11/4/2022,2022,4,997.15
11/7/2022,2022,4,975.19
11/8/2022,2022,4,981.65
11/9/2022,2022,4,985.59
11/10/2022,2022,4,947.24
11/11/2022,2022,4,954.53
11/14/2022,2022,4,941.04
11/15/2022,2022,4,911.9
11/16/2022,2022,4,942.9
11/17/2022,2022,4,969.26
11/18/2022,2022,4,969.33
11/21/2022,2022,4,960.65
11/22/2022,2022,4,952.12
11/23/2022,2022,4,946
11/24/2022,2022,4,947.71
11/25/2022,2022,4,971.46
11/28/2022,2022,4,1005.69
11/29/2022,2022,4,1032.16
11/30/2022,2022,4,1048.42
12/1/2022,2022,4,1036.28
12/2/2022,2022,4,1080.01
12/5/2022,2022,4,1093.67
12/6/2022,2022,4,1048.69
12/7/2022,2022,4,1041.02
12/8/2022,2022,4,1050.53
12/9/2022,2022,4,1051.81
12/12/2022,2022,4,1032.07
12/13/2022,2022,4,1047.45
12/14/2022,2022,4,1050.43
12/15/2022,2022,4,1055.32
12/16/2022,2022,4,1052.48
12/19/2022,2022,4,1038.4
12/20/2022,2022,4,1023.13
12/21/2022,2022,4,1018.88
12/22/2022,2022,4,1022.61
12/23/2022,2022,4,1020.34
12/26/2022,2022,4,985.21
12/27/2022,2022,4,1004.57
12/28/2022,2022,4,1015.66
12/29/2022,2022,4,1009.29
12/30/2022,2022,4,1007.09
1/3/2023,2023,1,1043.9
1/4/2023,2023,1,1046.35
1/5/2023,2023,1,1055.82
1/6/2023,2023,1,1051.44
1/9/2023,2023,1,1054.21
1/10/2023,2023,1,1053.35
1/11/2023,2023,1,1055.76
1/12/2023,2023,1,1056.39
1/13/2023,2023,1,1060.17
1/16/2023,2023,1,1066.68
1/17/2023,2023,1,1088.29
1/18/2023,2023,1,1098.28
1/19/2023,2023,1,1108.08
1/27/2023,2023,1,1117.1
1/30/2023,2023,1,1102.57
1/31/2023,2023,1,1111.18
2/1/2023,2023,1,1075.97
2/2/2023,2023,1,1077.59
2/3/2023,2023,1,1077.15
2/6/2023,2023,1,1089.29
2/7/2023,2023,1,1065.84
2/8/2023,2023,1,1072.22
2/9/2023,2023,1,1064.03
2/10/2023,2023,1,1055.3
2/13/2023,2023,1,1043.7
2/14/2023,2023,1,1038.64
2/15/2023,2023,1,1048.2
2/16/2023,2023,1,1058.29
2/17/2023,2023,1,1059.31
2/20/2023,2023,1,1086.69
2/21/2023,2023,1,1082.23
2/22/2023,2023,1,1054.28
2/23/2023,2023,1,1053.66
2/24/2023,2023,1,1039.56
2/27/2023,2023,1,1021.25
2/28/2023,2023,1,1024.68
3/1/2023,2023,1,1040.55
3/2/2023,2023,1,1037.61
3/3/2023,2023,1,1024.77
3/6/2023,2023,1,1027.18
3/7/2023,2023,1,1037.84
3/8/2023,2023,1,1049.18
3/9/2023,2023,1,1055.95
3/10/2023,2023,1,1053
3/13/2023,2023,1,1052.8
3/14/2023,2023,1,1040.13
3/15/2023,2023,1,1062.19
3/16/2023,2023,1,1047.4
3/17/2023,2023,1,1045.14
3/20/2023,2023,1,1023.1
3/21/2023,2023,1,1032.43
3/22/2023,2023,1,1040.54
3/23/2023,2023,1,1045.1
3/24/2023,2023,1,1046.79
3/27/2023,2023,1,1052.25
3/28/2023,2023,1,1054.29
3/29/2023,2023,1,1056.33
3/30/2023,2023,1,1059.44
3/31/2023,2023,1,1064.64
4/3/2023,2023,2,1079.28
4/4/2023,2023,2,1078.45
4/5/2023,2023,2,1080.86
4/6/2023,2023,2,1070.91
4/7/2023,2023,2,1069.71
4/10/2023,2023,2,1065.35
4/11/2023,2023,2,1069.46
4/12/2023,2023,2,1069.45
4/13/2023,2023,2,1064.3
4/14/2023,2023,2,1052.89
4/17/2023,2023,2,1053.81
4/18/2023,2023,2,1055.02
4/19/2023,2023,2,1048.98
4/20/2023,2023,2,1049.25
4/21/2023,2023,2,1042.91
4/24/2023,2023,2,1041.36
4/25/2023,2023,2,1034.85
4/26/2023,2023,2,1040.8
4/27/2023,2023,2,1039.63
4/28/2023,2023,2,1049.12
5/4/2023,2023,2,1040.61
5/5/2023,2023,2,1040.31
5/8/2023,2023,2,1053.44
5/9/2023,2023,2,1053.77
5/10/2023,2023,2,1058.26
5/11/2023,2023,2,1057.12
5/12/2023,2023,2,1066.9
5/15/2023,2023,2,1065.71
5/16/2023,2023,2,1065.91
5/17/2023,2023,2,1060.44
5/18/2023,2023,2,1068.31
5/19/2023,2023,2,1067.07
5/22/2023,2023,2,1070.64
5/23/2023,2023,2,1065.85
5/24/2023,2023,2,1061.79
5/25/2023,2023,2,1064.63
5/26/2023,2023,2,1063.76
5/29/2023,2023,2,1074.98
5/30/2023,2023,2,1078.05
5/31/2023,2023,2,1075.17
6/1/2023,2023,2,1078.39
6/2/2023,2023,2,1090.84
6/5/2023,2023,2,1097.82
6/6/2023,2023,2,1108.31
6/7/2023,2023,2,1109.54
6/8/2023,2023,2,1101.32
6/9/2023,2023,2,1107.53
6/12/2023,2023,2,1116.02
6/13/2023,2023,2,1122.46
6/14/2023,2023,2,1117.42
6/15/2023,2023,2,1116.97
6/16/2023,2023,2,1115.22
6/19/2023,2023,2,1105.4
6/20/2023,2023,2,1111.72
6/21/2023,2023,2,1118.46
6/22/2023,2023,2,1125.3
6/23/2023,2023,2,1129.38
6/26/2023,2023,2,1132.03
6/27/2023,2023,2,1134.33
6/28/2023,2023,2,1138.35
6/29/2023,2023,2,1125.39
6/30/2023,2023,2,1120.18
7/3/2023,2023,3,1125.5
7/4/2023,2023,3,1132
7/5/2023,2023,3,1134.62
7/6/2023,2023,3,1126.22
7/7/2023,2023,3,1138.07
7/10/2023,2023,3,1149.02
7/11/2023,2023,3,1151.77
7/12/2023,2023,3,1154.2
7/13/2023,2023,3,1165.42
7/14/2023,2023,3,1168.4
7/17/2023,2023,3,1173.13
7/18/2023,2023,3,1174.09
7/19/2023,2023,3,1172.98
7/20/2023,2023,3,1172.81
7/21/2023,2023,3,1185.9
7/24/2023,2023,3,1190.72
7/25/2023,2023,3,1195.9
7/26/2023,2023,3,1200.84
7/27/2023,2023,3,1197.33
7/28/2023,2023,3,1207.67
7/31/2023,2023,3,1222.9
8/1/2023,2023,3,1217.56
8/2/2023,2023,3,1220.43
8/3/2023,2023,3,1210.95
8/4/2023,2023,3,1225.98
8/7/2023,2023,3,1241.42
8/8/2023,2023,3,1242.23
8/9/2023,2023,3,1233.99
8/10/2023,2023,3,1220.61
8/11/2023,2023,3,1232.21
8/14/2023,2023,3,1236.84
8/15/2023,2023,3,1234.05
8/16/2023,2023,3,1243.26
8/17/2023,2023,3,1233.48
8/18/2023,2023,3,1177.99
8/21/2023,2023,3,1179.76
8/22/2023,2023,3,1180.49
8/23/2023,2023,3,1172.56
8/24/2023,2023,3,1189.39
8/25/2023,2023,3,1183.37
8/28/2023,2023,3,1201.72
8/29/2023,2023,3,1204.43
8/30/2023,2023,3,1213.16
8/31/2023,2023,3,1224.05
9/5/2023,2023,3,1234.98
9/6/2023,2023,3,1245.5
9/7/2023,2023,3,1243.14
9/8/2023,2023,3,1241.48
9/11/2023,2023,3,1223.63
9/12/2023,2023,3,1245.44
9/13/2023,2023,3,1238.39
9/14/2023,2023,3,1223.81
9/15/2023,2023,3,1227.36
9/18/2023,2023,3,1211.81
9/19/2023,2023,3,1211.5
9/20/2023,2023,3,1226.11
9/21/2023,2023,3,1212.74
9/22/2023,2023,3,1193.05
9/25/2023,2023,3,1153.2
9/26/2023,2023,3,1137.96
9/27/2023,2023,3,1153.85
9/28/2023,2023,3,1152.43
9/29/2023,2023,3,1154.15
10/2/2023,2023,4,1155.25
10/3/2023,2023,4,1118.1
10/4/2023,2023,4,1128.67
10/5/2023,2023,4,1113.89
10/6/2023,2023,4,1128.54
10/9/2023,2023,4,1137.36
10/10/2023,2023,4,1143.69
10/11/2023,2023,4,1150.81
10/12/2023,2023,4,1151.61
10/13/2023,2023,4,1154.73
10/16/2023,2023,4,1141.42
10/17/2023,2023,4,1121.65
10/18/2023,2023,4,1103.4
10/19/2023,2023,4,1087.85
10/20/2023,2023,4,1108.03
10/23/2023,2023,4,1093.53
10/24/2023,2023,4,1105.9
10/25/2023,2023,4,1101.66
10/26/2023,2023,4,1055.45
10/27/2023,2023,4,1060.62
10/30/2023,2023,4,1042.4
10/31/2023,2023,4,1028.19
11/1/2023,2023,4,1039.66
11/2/2023,2023,4,1075.47
11/3/2023,2023,4,1076.78
11/6/2023,2023,4,1089.66
11/7/2023,2023,4,1080.29
11/8/2023,2023,4,1113.43
11/9/2023,2023,4,1113.89
11/10/2023,2023,4,1101.68
11/13/2023,2023,4,1100.07
11/14/2023,2023,4,1109.73
11/15/2023,2023,4,1122.5
11/16/2023,2023,4,1125.53
11/17/2023,2023,4,1101.19
11/20/2023,2023,4,1103.66
11/21/2023,2023,4,1110.46
11/22/2023,2023,4,1113.82
11/23/2023,2023,4,1088.49
11/24/2023,2023,4,1095.61
11/27/2023,2023,4,1088.06
11/28/2023,2023,4,1095.43
11/29/2023,2023,4,1102.8
11/30/2023,2023,4,1094.13
12/1/2023,2023,4,1102.16
12/4/2023,2023,4,1120.49
12/5/2023,2023,4,1115.97
12/6/2023,2023,4,1126.43
12/7/2023,2023,4,1121.49
12/8/2023,2023,4,1124.44
12/11/2023,2023,4,1125.5
12/12/2023,2023,4,1127.63
12/13/2023,2023,4,1114.2
12/14/2023,2023,4,1110.13
12/15/2023,2023,4,1102.3
12/18/2023,2023,4,1091.88
12/19/2023,2023,4,1096.3
12/20/2023,2023,4,1100.76
12/21/2023,2023,4,1102.43
12/22/2023,2023,4,1103.06
12/25/2023,2023,4,1117.66
12/26/2023,2023,4,1122.25
12/27/2023,2023,4,1121.99
12/28/2023,2023,4,1128.93
12/29/2023,2023,4,1129.93
1/2/2024,2024,1,1131.72
1/3/2024,2024,1,1144.17
1/4/2024,2024,1,1150.72
1/5/2024,2024,1,1154.68
1/8/2024,2024,1,1160.19
1/9/2024,2024,1,1158.59
1/10/2024,2024,1,1161.54
1/11/2024,2024,1,1162.22
1/12/2024,2024,1,1154.7
1/15/2024,2024,1,1154.12
1/16/2024,2024,1,1163.12
1/17/2024,2024,1,1162.53
1/18/2024,2024,1,1169.06
1/19/2024,2024,1,1181.5
1/22/2024,2024,1,1182.86
1/23/2024,2024,1,1177.5
1/24/2024,2024,1,1172.97
1/25/2024,2024,1,1170.37
1/26/2024,2024,1,1175.67
1/29/2024,2024,1,1175.69
1/30/2024,2024,1,1179.65
1/31/2024,2024,1,1164.31
2/1/2024,2024,1,1173.02
2/2/2024,2024,1,1172.55
2/5/2024,2024,1,1186.06
2/6/2024,2024,1,1188.48
2/7/2024,2024,1,1198.53
2/15/2024,2024,1,1202.5
2/16/2024,2024,1,1209.7
2/19/2024,2024,1,1224.97
2/20/2024,2024,1,1230.06
2/21/2024,2024,1,1230.04
2/22/2024,2024,1,1227.31
2/23/2024,2024,1,1212
2/26/2024,2024,1,1224.17
2/27/2024,2024,1,1237.46
2/28/2024,2024,1,1254.55
2/29/2024,2024,1,1252.73
3/1/2024,2024,1,1258.28
3/4/2024,2024,1,1261.41
3/5/2024,2024,1,1269.98
3/6/2024,2024,1,1262.73
3/7/2024,2024,1,1268.46
3/8/2024,2024,1,1247.35
3/11/2024,2024,1,1235.49
3/12/2024,2024,1,1245
3/13/2024,2024,1,1270.51
3/14/2024,2024,1,1264.26
3/15/2024,2024,1,1263.78
3/18/2024,2024,1,1243.56
3/19/2024,2024,1,1242.46
3/20/2024,2024,1,1260.08
3/21/2024,2024,1,1276.42
3/22/2024,2024,1,1281.8
3/25/2024,2024,1,1267.86
3/26/2024,2024,1,1282.21
3/27/2024,2024,1,1283.09
3/28/2024,2024,1,1290.18
3/29/2024,2024,1,1284.09
4/1/2024,2024,2,1281.52
4/2/2024,2024,2,1287.04
4/3/2024,2024,2,1271.47
4/4/2024,2024,2,1268.25
4/5/2024,2024,2,1255.11
4/8/2024,2024,2,1250.35
4/9/2024,2024,2,1262.82
4/10/2024,2024,2,1258.56
4/11/2024,2024,2,1258.2
4/12/2024,2024,2,1276.6
4/15/2024,2024,2,1216.61
4/16/2024,2024,2,1215.68
4/17/2024,2024,2,1193.01
4/19/2024,2024,2,1174.85
4/22/2024,2024,2,1190.22
4/23/2024,2024,2,1177.4
4/24/2024,2024,2,1205.61
4/25/2024,2024,2,1204.97
4/26/2024,2024,2,1209.52
5/2/2024,2024,2,1216.36
5/3/2024,2024,2,1221.03
5/6/2024,2024,2,1241.58
5/7/2024,2024,2,1248.63
5/8/2024,2024,2,1250.46
5/9/2024,2024,2,1248.64
5/10/2024,2024,2,1244.7
5/13/2024,2024,2,1240.18
5/14/2024,2024,2,1243.28
5/15/2024,2024,2,1254.39
5/16/2024,2024,2,1268.78
5/17/2024,2024,2,1273.11
5/20/2024,2024,2,1277.58
5/21/2024,2024,2,1277.14
5/22/2024,2024,2,1266.91
5/23/2024,2024,2,1281.03
5/24/2024,2024,2,1261.93
5/27/2024,2024,2,1267.68
5/28/2024,2024,2,1281.73
5/29/2024,2024,2,1272.64
5/30/2024,2024,2,1266.32
5/31/2024,2024,2,1261.72
6/3/2024,2024,2,1280
6/4/2024,2024,2,1283.52
6/5/2024,2024,2,1284.35
6/6/2024,2024,2,1283.56
6/7/2024,2024,2,1287.58
6/10/2024,2024,2,1290.67
6/11/2024,2024,2,1284.41
6/12/2024,2024,2,1300.19
6/13/2024,2024,2,1301.51
6/14/2024,2024,2,1279.91
6/17/2024,2024,2,1274.77
6/18/2024,2024,2,1279.5
6/19/2024,2024,2,1279.79
6/20/2024,2024,2,1282.3
6/21/2024,2024,2,1282.02
6/24/2024,2024,2,1254.12
6/25/2024,2024,2,1256.56
6/26/2024,2024,2,1261.24
6/27/2024,2024,2,1259.09
6/28/2024,2024,2,1245.32
7/1/2024,2024,3,1254.56
7/2/2024,2024,3,1269.79
7/3/2024,2024,3,1276.85
7/4/2024,2024,3,1279.89
7/5/2024,2024,3,1283.04
7/8/2024,2024,3,1283.56
7/9/2024,2024,3,1293.71
7/10/2024,2024,3,1285.94
7/11/2024,2024,3,1283.8
7/12/2024,2024,3,1280.75
7/15/2024,2024,3,1279.82
7/16/2024,2024,3,1281.18
7/17/2024,2024,3,1268.66
7/18/2024,2024,3,1274.44
7/19/2024,2024,3,1264.78
7/22/2024,2024,3,1254.64
7/23/2024,2024,3,1231.81
7/24/2024,2024,3,1238.47
7/25/2024,2024,3,1233.19
7/26/2024,2024,3,1242.11
7/29/2024,2024,3,1246.6
7/30/2024,2024,3,1245.06
7/31/2024,2024,3,1251.51
8/1/2024,2024,3,1226.96
8/2/2024,2024,3,1236.6
8/5/2024,2024,3,1188.07
8/6/2024,2024,3,1210.28
8/7/2024,2024,3,1215.88
8/8/2024,2024,3,1208.32
8/9/2024,2024,3,1223.64
8/12/2024,2024,3,1230.28
8/13/2024,2024,3,1230.42
8/14/2024,2024,3,1230.36
8/15/2024,2024,3,1223.56
8/16/2024,2024,3,1252.23
8/19/2024,2024,3,1261.62
8/20/2024,2024,3,1272.55
8/21/2024,2024,3,1284.05
8/22/2024,2024,3,1282.78
8/23/2024,2024,3,1285.32
8/26/2024,2024,3,1280.02
8/27/2024,2024,3,1280.56
8/28/2024,2024,3,1281.44
8/29/2024,2024,3,1281.47
8/30/2024,2024,3,1283.87
9/4/2024,2024,3,1275.8
9/5/2024,2024,3,1268.21
9/6/2024,2024,3,1273.96
9/9/2024,2024,3,1267.73
9/10/2024,2024,3,1255.23
9/11/2024,2024,3,1253.27
9/12/2024,2024,3,1256.35
9/13/2024,2024,3,1251.71
9/16/2024,2024,3,1239.26
9/17/2024,2024,3,1258.95
9/18/2024,2024,3,1264.9
9/19/2024,2024,3,1271.27
9/20/2024,2024,3,1272.04
9/23/2024,2024,3,1268.48
9/24/2024,2024,3,1276.99
9/25/2024,2024,3,1287.48
9/26/2024,2024,3,1291.49
9/27/2024,2024,3,1290.92
9/30/2024,2024,3,1287.94
